temperature,vibration,current,rpm,machine_failure
55.55,1.14,2.3,1398,0
40.85,1.18,3.26,1514,0
43.6,1.69,2.21,1602,0
45.01,1.7,3.32,1500,0
49.3,1.27,2.86,1487,0
41.3,1.77,3.02,1378,0
45.94,1.4,2.5,1541,0
45.6,1.25,2.58,1447,0
47.73,1.04,2.67,1466,0
44.78,1.53,3.25,1499,0
52.02,1.48,2.75,1612,0
46.84,2.12,3.18,1476,0
40.2,1.74,3.05,1412,0
49.51,1.34,2.93,1535,0
46.44,1.16,2.43,1515,0
41.44,0.97,3.05,1425,0
47.53,1.0,2.84,1654,0
61.72,4.41,3.93,1005,1
46.6,1.63,2.61,1590,0
63.94,2.71,3.83,1167,1
60.62,2.48,5.27,1116,1
48.69,1.4,2.82,1544,0
48.26,1.04,2.47,1547,0
58.5,3.56,4.39,1202,1
39.66,1.16,2.93,1420,0
63.17,3.1,4.73,1346,1
47.58,1.34,3.24,1553,0
62.16,3.17,4.75,1312,1
44.14,1.07,2.96,1438,0
72.36,2.28,3.8,1158,1
47.38,1.07,2.56,1558,0
45.38,1.27,2.89,1466,0
50.05,1.51,3.14,1540,0
46.74,1.46,3.49,1617,0
75.39,3.34,5.19,934,1
44.4,1.22,3.33,1441,0
51.16,1.45,2.57,1447,0
48.67,1.14,2.2,1556,0
45.35,1.2,2.65,1402,0
38.73,1.22,3.08,1494,0
46.88,1.66,3.27,1583,0
40.12,1.9,3.39,1513,0
48.6,3.87,3.98,1333,1
37.53,1.34,3.18,1642,0
57.94,3.74,5.18,1419,1
45.79,1.96,2.97,1405,0
43.88,1.72,3.41,1573,0
39.65,1.36,3.64,1466,0
51.56,1.05,2.8,1504,0
52.98,1.46,2.82,1502,0
37.85,1.07,3.49,1468,0
69.07,2.98,4.55,1190,1
47.27,0.82,3.24,1601,0
67.78,2.97,4.26,1172,1
46.81,0.98,2.78,1585,0
50.98,1.22,2.87,1481,0
44.17,1.21,3.4,1600,0
69.22,2.87,4.49,1216,1
46.73,1.51,3.77,1374,0
44.83,1.38,2.95,1354,0
47.2,1.38,2.46,1556,0
49.12,1.3,2.7,1428,0
41.42,1.54,3.23,1602,0
45.7,1.6,3.27,1563,0
39.75,1.02,3.11,1402,0
72.9,3.29,5.28,1480,1
44.4,1.12,2.98,1413,0
62.15,3.76,4.34,1361,1
43.55,1.35,2.89,1473,0
41.25,1.57,2.81,1513,0
45.84,1.4,3.05,1402,0
45.12,1.7,2.59,1598,0
43.81,1.65,3.01,1432,0
47.03,1.32,2.81,1555,0
45.86,1.27,2.84,1435,0
55.74,2.44,4.46,1292,1
42.28,1.77,2.93,1436,0
41.3,1.25,2.82,1467,0
61.42,3.22,4.77,1212,1
45.24,1.79,2.99,1556,0
67.11,2.85,5.12,1122,1
39.99,1.17,2.97,1585,0
43.9,1.65,2.63,1473,0
47.37,1.66,3.01,1533,0
49.91,1.79,3.36,1535,0
46.88,1.62,3.21,1525,0
49.25,1.26,3.14,1475,0
46.94,1.28,3.19,1539,0
69.92,3.97,4.79,1280,1
48.57,1.09,2.93,1357,0
38.94,1.43,3.66,1373,0
39.22,1.31,3.08,1620,0
63.08,2.95,4.51,1405,1
44.9,1.35,3.28,1404,0
40.85,1.14,2.96,1559,0
41.46,1.68,2.48,1467,0
54.24,2.35,5.09,943,1
49.66,1.01,3.1,1661,0
43.76,1.49,3.58,1671,0
51.75,1.32,2.7,1448,0
49.6,1.38,2.97,1580,0
46.59,1.34,3.37,1397,0
43.51,1.53,2.57,1527,0
65.61,3.42,3.91,1154,1
41.6,1.52,3.28,1595,0
40.94,1.53,3.29,1480,0
48.17,1.53,2.74,1587,0
53.01,1.86,2.29,1383,0
58.98,2.37,5.33,1284,1
47.8,1.29,3.03,1459,0
45.05,1.56,2.99,1491,0
39.03,1.56,2.79,1470,0
46.89,1.39,3.2,1428,0
40.43,1.4,3.18,1457,0
70.64,1.7,4.1,1036,1
46.57,1.28,2.43,1470,0
36.73,1.45,3.1,1634,0
42.19,1.29,3.07,1442,0
36.39,1.55,2.38,1512,0
42.18,1.6,3.24,1592,0
42.63,1.18,3.24,1563,0
52.43,1.31,3.32,1420,0
43.92,1.19,3.12,1437,0
48.9,1.34,2.51,1553,0
42.92,1.06,2.95,1477,0
44.21,1.68,2.57,1364,0
43.38,1.35,2.97,1501,0
42.21,1.42,2.8,1534,0
71.13,3.37,4.35,1273,1
44.26,1.03,3.43,1416,0
47.02,1.19,2.49,1593,0
46.96,1.56,2.57,1500,0
46.08,1.4,2.61,1585,0
43.86,1.2,2.59,1632,0
57.52,2.6,4.43,1197,1
69.63,2.16,4.23,1003,1
46.18,1.69,3.01,1532,0
46.07,1.54,2.57,1507,0
42.13,1.64,3.38,1554,0
78.28,3.4,2.91,1231,1
48.01,1.4,2.72,1557,0
41.83,1.1,3.02,1267,0
45.58,1.28,3.01,1640,0
40.77,1.6,3.44,1327,0
38.38,1.38,3.38,1451,0
46.77,1.56,2.06,1607,0
40.24,1.46,1.88,1411,0
43.13,1.77,2.71,1441,0
48.74,1.59,3.24,1502,0
40.66,1.2,2.66,1495,0
48.35,1.28,2.79,1556,0
48.27,1.53,2.83,1510,0
44.51,1.51,3.19,1468,0
63.78,2.8,4.28,1275,1
47.9,1.41,3.34,1472,0
40.5,1.24,2.69,1371,0
41.09,1.06,2.66,1417,0
52.41,1.78,2.59,1458,0
39.72,1.35,3.32,1673,0
42.25,1.32,3.17,1428,0
43.83,1.42,3.51,1540,0
41.06,1.07,2.94,1347,0
41.9,1.34,3.6,1563,0
46.89,1.24,3.0,1550,0
44.46,1.51,3.2,1493,0
52.54,1.39,3.02,1471,0
73.91,2.28,5.12,1537,1
82.57,2.73,4.17,1667,1
59.93,3.09,4.89,1327,1
37.12,1.18,2.59,1467,0
42.27,0.95,3.12,1421,0
64.34,2.61,3.27,947,1
52.81,1.88,2.86,1320,0
47.75,1.41,3.07,1463,0
47.08,1.56,2.66,1431,0
44.92,1.61,2.83,1541,0
47.79,1.22,3.34,1426,0
72.81,2.45,5.45,1443,1
41.26,1.61,3.1,1508,0
47.02,1.19,3.06,1468,0
64.95,2.75,4.44,1191,1
42.17,1.49,3.29,1462,0
42.58,1.21,3.61,1480,0
46.72,0.97,3.37,1529,0
42.59,1.72,2.78,1584,0
47.43,1.11,3.11,1469,0
46.89,1.57,3.07,1525,0
50.15,1.45,2.46,1382,0
48.16,1.71,3.4,1429,0
46.6,1.32,2.72,1539,0
59.98,3.36,4.05,1532,1
42.95,1.21,3.72,1545,0
48.72,1.21,2.91,1528,0
43.2,1.26,3.1,1500,0
81.57,2.61,4.37,1007,1
43.33,1.52,3.46,1450,0
45.3,1.77,3.42,1596,0
42.57,1.73,2.71,1475,0
45.51,1.3,2.66,1458,0
49.04,1.37,3.48,1511,0
41.61,1.6,3.31,1454,0
69.16,3.12,3.7,1272,1
48.1,1.47,3.0,1587,0
47.34,1.01,3.31,1721,0
63.48,2.55,3.98,1222,1
40.67,1.15,2.97,1513,0
43.89,1.35,2.42,1534,0
45.4,1.24,2.95,1610,0
69.85,2.61,3.15,1352,1
49.4,2.07,2.38,1543,0
36.9,1.25,2.81,1524,0
44.3,1.3,3.15,1492,0
48.04,1.36,3.1,1472,0
55.4,3.03,4.7,1161,1
46.47,1.44,2.81,1664,0
62.16,4.56,3.86,1015,1
40.16,1.4,3.38,1608,0
44.65,1.46,3.56,1391,0
43.84,1.2,3.09,1507,0
46.37,1.15,2.15,1616,0
43.21,1.19,3.3,1442,0
48.09,1.38,2.59,1509,0
73.7,3.55,4.16,1164,1
41.92,1.15,2.97,1534,0
57.01,2.82,3.91,1165,1
35.45,1.58,3.6,1588,0
70.12,4.3,4.9,1322,1
47.44,1.69,3.47,1429,0
54.09,0.98,2.98,1548,0
42.52,1.71,2.45,1669,0
47.28,1.64,2.3,1406,0
51.2,1.38,2.33,1421,0
41.03,1.15,3.18,1553,0
44.11,1.49,2.93,1435,0
45.7,1.99,2.28,1572,0
49.12,1.74,2.41,1511,0
48.48,1.67,2.9,1561,0
48.03,1.7,2.87,1546,0
45.52,1.03,2.95,1557,0
55.13,1.8,4.93,1173,1
51.89,1.25,3.32,1254,0
42.3,1.24,3.35,1469,0
44.12,1.23,2.93,1467,0
42.95,1.79,2.83,1519,0
38.55,1.48,3.3,1504,0
50.91,1.61,3.39,1451,0
39.47,1.68,2.55,1445,0
39.92,1.23,2.6,1373,0
49.15,1.42,3.17,1469,0
41.62,1.45,2.7,1360,0
48.41,1.6,3.47,1587,0
42.19,1.37,2.77,1422,0
64.06,3.7,4.85,852,1
51.96,1.51,2.68,1435,0
47.21,1.24,3.23,1429,0
42.96,1.21,2.67,1582,0
41.12,1.04,2.96,1465,0
72.56,2.88,5.42,1506,1
44.57,1.61,3.3,1482,0
44.7,0.8,3.63,1619,0
43.97,1.95,2.42,1494,0
45.64,1.31,2.63,1464,0
52.66,2.89,4.33,1343,1
40.88,1.42,3.43,1473,0
39.24,1.28,2.82,1409,0
39.25,1.27,2.56,1358,0
61.48,3.11,5.12,1393,1
45.33,1.18,2.88,1495,0
46.49,1.79,3.08,1438,0
35.3,1.54,3.02,1714,0
51.24,1.29,2.84,1442,0
61.6,3.38,5.65,1115,1
66.61,1.9,4.65,1256,1
55.73,3.93,4.47,1140,1
40.68,1.11,3.32,1475,0
41.09,1.23,2.99,1541,0
39.75,2.03,2.53,1512,0
48.62,1.68,3.11,1480,0
41.35,1.32,3.43,1502,0
49.37,1.34,3.58,1729,0
47.36,1.08,3.02,1529,0
42.88,1.51,2.41,1552,0
66.03,3.62,4.64,1032,1
68.83,3.08,3.18,1306,1
62.37,1.64,4.59,1519,1
46.46,1.02,3.26,1524,0
42.49,1.51,3.04,1617,0
48.57,1.12,3.38,1490,0
46.4,1.47,2.57,1559,0
48.78,1.62,2.59,1442,0
45.03,1.79,3.46,1486,0
45.15,0.93,3.04,1648,0
63.69,2.3,4.23,1282,1
41.69,1.36,3.49,1353,0
43.38,1.27,2.71,1499,0
44.94,1.2,2.91,1661,0
43.23,1.26,3.1,1494,0
38.87,1.81,2.91,1586,0
51.17,1.17,2.81,1458,0
50.82,1.35,2.84,1489,0
49.77,1.45,2.99,1628,0
43.71,1.3,2.12,1584,0
46.89,1.47,3.09,1617,0
46.97,1.36,3.25,1442,0
46.03,1.68,2.79,1467,0
47.83,1.49,2.52,1423,0
63.27,2.33,4.21,1502,1
46.69,1.53,3.01,1358,0
44.71,1.57,2.31,1417,0
48.1,1.53,3.02,1398,0
63.43,2.65,5.13,1537,1
62.2,3.91,5.11,1401,1
56.49,1.42,5.04,1177,1
50.31,0.95,3.31,1485,0
50.38,1.7,2.88,1531,0
46.64,1.48,3.22,1496,0
41.78,1.58,2.97,1552,0
46.59,1.81,3.28,1571,0
36.8,1.56,2.59,1484,0
44.58,1.51,2.36,1456,0
41.91,1.38,3.09,1544,0
43.07,1.38,3.0,1428,0
39.72,1.55,3.16,1479,0
71.69,2.15,5.41,1478,1
50.41,1.21,3.37,1478,0
39.02,1.51,2.91,1529,0
44.03,1.89,3.35,1457,0
42.28,1.51,2.46,1578,0
42.1,1.49,3.3,1509,0
47.07,1.35,2.37,1375,0
47.32,1.68,2.81,1328,0
47.48,1.11,3.06,1561,0
41.99,1.11,3.33,1517,0
43.03,1.38,2.66,1573,0
45.99,2.93,3.37,1371,1
44.11,1.12,3.05,1519,0
37.1,1.3,3.31,1515,0
46.86,1.69,3.19,1463,0
46.03,1.45,2.71,1647,0
46.07,1.56,2.91,1556,0
40.87,1.6,2.91,1481,0
65.13,2.32,4.67,1452,1
44.8,1.54,3.05,1396,0
47.96,1.18,3.13,1486,0
74.35,3.26,5.38,1427,1
45.49,0.7,3.02,1593,0
45.08,1.58,2.54,1507,0
60.72,2.86,4.38,1015,1
49.68,1.4,2.65,1558,0
44.14,2.02,3.33,1582,0
46.49,1.21,2.87,1522,0
50.8,1.68,3.58,1737,0
48.8,1.25,3.18,1568,0
45.85,1.25,3.74,1389,0
72.77,2.86,3.95,1305,1
50.17,1.13,2.79,1532,0
43.59,1.59,3.32,1518,0
40.61,1.5,3.54,1508,0
62.51,2.15,4.84,1147,1
39.99,1.41,2.87,1454,0
52.97,1.5,2.81,1525,0
44.19,1.39,2.92,1590,0
39.44,1.15,3.21,1574,0
50.55,1.81,3.11,1531,0
42.16,1.37,2.62,1432,0
50.46,1.22,2.54,1626,0
54.16,1.2,3.01,1405,0
59.7,3.02,4.91,1284,1
55.2,1.84,2.9,1455,0
45.74,1.77,3.1,1527,0
47.67,1.47,2.97,1357,0
46.76,1.42,3.24,1518,0
44.54,1.21,2.42,1394,0
49.75,1.04,2.8,1508,0
42.86,1.38,3.3,1598,0
57.19,3.35,4.99,1288,1
41.82,1.12,2.47,1482,0
43.55,1.31,2.13,1721,0
49.21,0.95,3.01,1500,0
44.86,1.19,2.73,1656,0
44.37,1.77,2.52,1515,0
45.29,1.54,2.76,1462,0
47.0,1.29,3.02,1655,0
53.34,1.19,2.47,1548,0
46.5,1.07,3.12,1613,0
46.54,1.05,2.89,1460,0
71.11,2.91,5.05,1219,1
46.52,1.49,3.52,1286,0
49.32,1.07,3.52,1468,0
49.59,1.62,2.65,1372,0
45.77,1.96,3.0,1444,0
67.32,2.59,4.25,881,1
45.09,1.33,3.6,1448,0
45.74,1.44,3.99,1511,0
45.36,1.21,3.35,1344,0
46.87,1.45,2.94,1349,0
49.98,1.7,3.13,1495,0
49.48,1.43,2.35,1492,0
42.06,1.13,2.63,1541,0
38.1,1.31,3.44,1525,0
42.84,1.17,2.88,1585,0
44.86,1.23,3.01,1407,0
66.16,2.63,4.69,1481,1
55.16,2.76,5.56,1305,1
47.64,1.44,2.0,1606,0
46.53,1.74,2.77,1512,0
44.41,1.6,2.71,1402,0
36.71,1.41,2.59,1621,0
34.01,1.62,2.32,1511,0
42.29,1.58,3.12,1534,0
38.03,1.49,3.01,1502,0
45.13,1.55,3.55,1535,0
44.01,1.79,2.55,1645,0
41.62,1.57,2.09,1363,0
65.44,3.03,2.88,969,1
53.45,3.65,3.1,1260,1
40.9,1.38,2.97,1380,0
47.01,1.54,3.49,1544,0
54.0,2.34,3.09,1292,1
63.67,2.48,4.78,1502,1
49.24,1.2,2.8,1494,0
49.1,1.42,3.08,1516,0
46.58,1.51,2.86,1413,0
42.49,1.33,3.29,1499,0
74.3,2.8,5.67,967,1
69.68,1.07,4.08,1092,1
41.61,1.19,2.97,1473,0
48.7,2.03,2.68,1505,0
61.29,2.5,4.16,1397,1
70.68,3.16,4.68,949,1
50.12,1.55,3.06,1473,0
42.84,1.37,2.84,1426,0
45.05,1.5,2.7,1549,0
48.85,1.4,3.43,1388,0
44.8,2.85,4.69,1249,1
38.82,1.88,3.48,1558,0
47.31,1.37,2.66,1409,0
46.85,1.57,2.59,1401,0
45.15,1.29,2.91,1524,0
51.69,1.23,3.17,1554,0
47.92,1.47,3.68,1520,0
50.57,1.73,2.78,1465,0
66.3,3.02,4.23,1451,1
43.1,1.32,2.98,1641,0
43.51,1.7,2.91,1459,0
43.62,1.42,2.56,1498,0
47.51,1.21,2.88,1606,0
45.55,1.08,2.78,1378,0
38.19,0.93,2.71,1518,0
44.21,1.47,3.44,1603,0
37.52,1.51,3.22,1357,0
62.83,2.64,3.83,1509,1
44.22,1.82,2.51,1439,0
47.26,1.32,2.21,1530,0
50.97,1.26,3.18,1486,0
43.32,1.23,3.25,1389,0
38.81,1.22,3.46,1436,0
45.26,1.59,2.96,1526,0
47.44,1.43,2.89,1525,0
45.35,1.38,3.23,1482,0
37.23,1.65,3.25,1386,0
56.18,3.48,3.31,1426,1
39.39,1.46,2.68,1452,0
42.48,1.55,2.87,1481,0
64.92,3.49,4.0,1060,1
63.37,3.18,3.67,1383,1
64.16,2.42,4.05,1398,1
39.72,1.8,3.3,1561,0
40.76,1.36,3.15,1430,0
45.81,1.07,3.12,1467,0
47.35,1.93,3.24,1478,0
39.21,1.31,3.0,1422,0
46.8,1.24,2.84,1481,0
65.71,2.98,4.43,992,1
44.46,0.94,2.47,1618,0
49.12,1.47,2.76,1443,0
46.65,1.51,2.56,1535,0
69.67,3.0,4.53,1480,1
44.43,0.84,3.32,1558,0
45.44,1.22,2.94,1460,0
50.1,1.23,3.02,1489,0
51.09,1.58,2.84,1649,0
43.19,1.37,3.16,1402,0
48.19,1.03,2.88,1510,0
41.67,1.45,2.93,1541,0
49.01,1.49,2.95,1443,0
51.69,1.06,3.19,1450,0
51.37,1.66,3.29,1599,0
44.17,1.38,2.76,1472,0
47.54,1.22,2.99,1547,0
34.4,1.5,3.03,1539,0
75.17,2.94,5.71,1143,1
69.77,2.28,3.56,1372,1
52.42,2.67,4.14,1196,1
41.61,1.38,3.78,1492,0
46.24,1.16,3.17,1420,0
45.63,1.55,2.74,1536,0
46.47,0.93,2.62,1690,0
46.06,1.16,3.45,1654,0
44.77,1.48,3.2,1452,0
48.99,1.24,2.52,1267,0
39.78,1.36,2.54,1458,0
47.0,1.54,2.66,1474,0
43.29,1.58,3.7,1698,0
40.79,1.51,2.92,1404,0
44.75,0.96,3.27,1597,0
43.74,1.72,3.83,1497,0
72.58,3.4,4.06,1590,1
51.2,1.37,3.02,1514,0
39.17,1.45,3.06,1394,0
46.74,1.5,2.99,1474,0
43.34,1.19,2.51,1619,0
66.43,2.38,3.58,1150,1
42.59,1.36,3.16,1496,0
42.65,0.86,2.7,1541,0
44.14,1.37,2.57,1565,0
43.91,1.94,3.06,1495,0
48.31,1.07,3.18,1450,0
47.53,1.71,3.1,1484,0
52.0,1.38,2.94,1527,0
35.6,0.88,2.43,1548,0
49.64,2.17,2.85,1445,0
44.74,1.52,2.97,1511,0
48.48,1.63,3.23,1600,0
44.91,1.83,3.43,1498,0
50.24,1.2,3.63,1680,0
41.19,1.74,3.06,1562,0
41.08,1.85,3.26,1466,0
44.95,1.35,3.33,1729,0
49.24,1.6,3.55,1420,0
41.07,1.65,2.19,1555,0
48.98,1.68,2.78,1583,0
53.23,1.39,2.8,1571,0
69.4,2.8,5.76,1343,1
49.03,2.03,3.02,1589,0
53.39,2.71,3.78,1176,1
53.72,2.89,4.39,1441,1
45.29,1.76,2.51,1487,0
44.78,1.34,2.82,1402,0
58.67,3.13,4.66,1159,1
62.45,2.7,5.41,1198,1
43.01,1.58,2.8,1513,0
71.35,2.84,4.65,1356,1
45.34,1.27,3.53,1460,0
50.14,1.22,2.65,1414,0
59.44,2.34,4.13,1310,1
43.97,1.05,3.13,1470,0
63.27,2.97,5.78,1098,1
58.01,3.46,4.6,1367,1
41.99,1.71,2.35,1533,0
39.72,1.61,3.74,1587,0
63.59,4.04,5.53,754,1
48.36,1.71,3.36,1528,0
46.44,1.88,3.27,1382,0
58.8,2.67,5.52,1114,1
39.51,1.67,2.59,1633,0
46.23,1.73,3.09,1471,0
67.65,4.88,3.66,1213,1
64.09,3.79,4.28,1274,1
49.12,1.34,2.74,1580,0
67.45,2.71,5.87,1084,1
46.24,1.27,3.16,1551,0
48.03,1.54,2.61,1475,0
53.34,3.97,4.2,1027,1
58.06,3.63,4.96,1258,1
43.74,1.32,2.92,1436,0
41.1,1.72,2.59,1576,0
40.54,1.39,2.83,1555,0
38.43,1.3,3.18,1436,0
46.04,1.67,3.47,1544,0
46.24,1.8,3.26,1469,0
64.64,4.33,4.21,1321,1
70.8,2.69,4.79,991,1
48.13,1.48,2.58,1476,0
62.39,3.65,4.45,1235,1
50.57,1.26,3.38,1544,0
61.35,3.11,4.22,1006,1
62.39,3.09,5.22,1370,1
45.2,1.67,2.79,1526,0
63.81,3.65,5.94,1184,1
45.73,1.68,2.94,1433,0
41.07,1.5,3.39,1384,0
53.45,1.43,2.97,1547,0
43.67,1.24,2.67,1467,0
34.64,1.52,2.45,1375,0
44.29,1.36,2.69,1512,0
48.37,1.74,3.21,1528,0
41.14,1.27,3.24,1528,0
49.23,1.43,2.9,1347,0
44.11,1.08,2.46,1523,0
51.45,1.37,2.47,1402,0
46.03,1.71,3.44,1454,0
47.21,1.66,2.4,1677,0
67.09,3.83,4.14,1342,1
45.02,1.65,2.89,1435,0
70.12,2.56,4.91,1279,1
44.72,1.39,2.7,1507,0
46.99,1.39,3.31,1446,0
50.22,1.43,2.58,1513,0
50.77,1.4,2.53,1513,0
44.15,1.72,3.22,1377,0
40.34,1.53,3.74,1512,0
72.1,3.14,5.59,1449,1
43.75,1.38,2.86,1525,0
45.7,2.22,2.69,1598,0
40.86,1.41,2.49,1471,0
49.62,1.63,3.18,1571,0
45.05,1.66,3.18,1389,0
68.8,4.33,4.41,1249,1
56.46,1.29,3.11,1452,0
36.8,1.96,2.77,1516,0
43.33,0.99,2.97,1416,0
45.27,1.55,2.59,1577,0
44.44,1.53,3.04,1465,0
39.51,1.25,3.09,1465,0
42.79,1.05,2.91,1287,0
48.48,1.58,3.11,1537,0
46.64,1.37,2.75,1467,0
43.54,1.5,3.24,1534,0
53.66,1.3,2.64,1536,0
38.88,1.53,2.54,1618,0
45.24,1.11,3.19,1411,0
59.56,2.39,3.64,1436,1
44.47,1.58,2.39,1491,0
46.92,1.88,3.33,1359,0
60.11,3.04,4.76,1114,1
43.57,1.48,2.95,1501,0
43.65,1.25,3.35,1524,0
44.35,1.31,2.59,1427,0
43.88,1.61,2.64,1576,0
36.15,1.24,2.9,1515,0
50.96,1.68,3.05,1487,0
44.63,1.45,2.62,1421,0
46.45,0.93,3.08,1420,0
62.63,2.91,4.89,1308,1
63.36,2.72,2.66,1809,1
44.21,1.9,3.09,1583,0
45.05,1.76,3.25,1520,0
48.28,1.66,2.75,1440,0
44.92,1.72,3.07,1487,0
40.01,1.35,3.34,1459,0
48.63,1.25,3.3,1349,0
57.15,3.35,3.85,1322,1
39.67,1.26,3.82,1500,0
45.49,1.08,3.51,1560,0
49.43,1.44,3.37,1555,0
65.2,3.05,4.82,1248,1
42.15,1.4,2.81,1300,0
36.75,1.52,3.67,1479,0
46.11,1.53,3.7,1493,0
47.73,1.35,3.14,1464,0
61.5,1.9,5.13,1206,1
52.1,1.36,2.7,1404,0
42.8,1.54,3.31,1524,0
65.27,2.73,4.46,1258,1
61.38,2.82,5.2,1384,1
51.0,1.13,2.9,1582,0
66.28,2.86,4.25,1216,1
50.58,1.04,3.18,1522,0
46.91,1.27,3.01,1470,0
41.79,0.93,2.86,1546,0
44.93,1.96,3.45,1510,0
51.11,1.43,2.33,1601,0
40.97,1.73,2.8,1470,0
51.48,1.3,3.39,1397,0
41.61,1.5,3.32,1453,0
47.75,1.55,2.47,1490,0
38.75,1.94,2.52,1508,0
45.96,1.9,2.36,1667,0
43.67,1.27,2.22,1356,0
61.81,3.99,5.36,1325,1
62.5,2.51,4.34,899,1
44.29,1.84,2.68,1503,0
44.62,1.25,2.89,1466,0
75.99,2.31,4.91,1191,1
69.64,2.84,4.32,1247,1
48.49,2.03,3.41,1452,0
46.16,1.3,3.39,1473,0
45.31,1.59,3.01,1415,0
46.03,1.69,2.75,1373,0
46.3,1.21,2.47,1703,0
43.12,1.32,2.89,1554,0
43.54,1.18,2.7,1512,0
51.77,1.64,3.13,1425,0
45.83,1.32,3.27,1502,0
71.61,2.74,4.78,1187,1
43.33,1.2,3.52,1509,0
40.97,1.53,3.28,1452,0
69.75,2.98,5.16,1426,1
38.95,1.15,3.07,1544,0
68.33,2.24,5.26,1232,1
43.43,1.24,3.03,1514,0
42.09,1.32,3.26,1569,0
50.38,1.39,3.05,1625,0
65.66,3.56,4.53,1433,1
39.38,1.49,3.63,1557,0
46.0,1.41,2.99,1572,0
40.79,1.16,3.21,1532,0
75.7,2.51,4.46,1308,1
49.04,1.28,2.97,1505,0
41.73,1.4,3.12,1482,0
58.87,3.51,5.49,1110,1
41.79,1.6,2.83,1464,0
63.08,3.11,3.48,1259,1
40.84,1.19,3.15,1506,0
71.0,2.27,3.59,1237,1
41.46,1.11,2.68,1753,0
44.56,1.69,2.86,1559,0
45.42,1.17,3.16,1414,0
37.88,1.24,3.74,1469,0
62.46,2.56,3.78,826,1
47.57,1.52,2.44,1496,0
40.78,1.61,2.79,1432,0
45.84,1.01,3.17,1405,0
52.13,1.28,3.42,1502,0
48.78,1.52,2.99,1442,0
43.64,1.46,3.1,1508,0
48.49,1.32,3.44,1572,0
46.54,1.18,2.62,1546,0
70.36,3.65,3.03,1299,1
71.94,3.33,3.72,1389,1
44.69,2.07,2.52,1494,0
47.22,1.4,2.65,1505,0
48.08,1.15,3.86,1493,0
65.8,2.15,5.14,1339,1
50.4,1.36,3.55,1308,0
37.51,1.17,2.93,1520,0
49.51,1.33,2.39,1551,0
44.64,1.01,2.46,1572,0
41.71,1.65,2.67,1496,0
50.8,1.69,3.96,1163,1
43.78,1.15,3.54,1498,0
46.15,1.31,2.57,1445,0
59.41,2.28,3.85,1395,1
40.12,1.29,2.89,1364,0
43.99,1.4,2.89,1500,0
51.12,1.75,3.04,1618,0
42.01,1.79,3.0,1559,0
54.94,1.68,2.95,1336,0
67.53,3.41,4.82,1259,1
49.72,1.73,3.36,1619,0
45.29,1.12,2.72,1392,0
49.23,1.22,2.54,1539,0
42.46,1.19,2.84,1421,0
45.36,1.53,2.65,1532,0
44.06,1.14,3.58,1513,0
44.25,1.29,2.59,1287,0
50.6,1.04,3.59,1525,0
47.21,1.73,3.41,1586,0
62.38,2.88,4.49,1322,1
54.25,3.58,4.43,633,1
44.94,1.76,2.66,1590,0
47.04,1.77,3.28,1611,0
60.75,3.07,3.76,1263,1
46.19,1.37,2.57,1500,0
44.11,1.44,2.45,1491,0
51.04,1.65,2.7,1471,0
38.97,1.21,3.67,1309,0
43.88,1.31,3.58,1316,0
68.09,1.81,5.54,1499,1
47.22,1.15,3.05,1611,0
52.95,1.52,2.82,1530,0
47.02,1.43,3.23,1414,0
39.8,1.38,2.14,1554,0
50.76,1.01,2.73,1470,0
52.76,3.31,3.48,1258,1
42.5,1.43,3.01,1482,0
40.29,1.49,2.95,1631,0
43.55,1.36,3.21,1383,0
47.68,1.09,3.43,1428,0
57.11,1.8,4.9,1777,1
46.92,1.32,2.81,1469,0
64.2,3.23,3.44,1327,1
46.12,1.47,3.24,1372,0
41.14,1.36,3.23,1508,0
51.19,1.22,2.91,1452,0
47.4,1.45,2.86,1553,0
47.82,1.29,3.53,1591,0
62.88,2.81,4.66,1403,1
52.87,1.57,3.42,1390,0
42.09,1.41,3.97,1461,0
42.94,1.67,2.52,1527,0
61.59,2.37,5.15,1305,1
45.88,1.6,3.19,1540,0
62.37,4.09,4.1,1246,1
44.57,0.81,2.79,1429,0
71.34,2.37,4.88,1432,1
40.52,0.95,3.34,1441,0
51.05,1.86,3.03,1577,0
41.93,1.42,2.44,1435,0
40.61,1.9,3.08,1540,0
54.37,2.9,4.0,1100,1
64.35,1.53,3.72,1412,1
39.01,1.67,2.44,1580,0
43.16,1.87,2.72,1492,0
36.13,1.33,3.02,1493,0
46.93,1.5,2.56,1401,0
60.04,1.99,4.65,1284,1
42.51,1.87,3.61,1457,0
44.41,1.5,2.04,1574,0
41.96,1.55,3.25,1507,0
68.62,3.31,4.42,1106,1
45.01,0.93,3.04,1604,0
47.14,1.22,3.28,1526,0
40.02,1.46,3.22,1443,0
42.87,1.71,3.27,1409,0
48.92,1.59,3.33,1367,0
46.55,1.7,3.16,1497,0
42.61,1.91,3.45,1414,0
39.3,1.16,2.91,1550,0
55.41,1.46,2.72,1393,0
40.28,1.21,3.39,1497,0
43.72,1.42,2.75,1465,0
78.96,3.38,5.24,1204,1
66.5,3.08,3.68,1158,1
42.6,1.48,3.13,1556,0
35.26,1.33,3.16,1480,0
41.11,1.6,2.9,1439,0
59.12,3.2,5.0,1241,1
43.29,1.66,3.22,1431,0
38.36,1.22,2.72,1508,0
46.57,1.38,3.44,1481,0
68.71,2.42,4.61,1341,1
47.06,1.74,3.01,1630,0
39.92,1.57,3.31,1361,0
71.12,3.26,4.41,1300,1
50.79,1.07,3.36,1585,0
45.05,1.41,3.9,1671,0
48.13,1.38,3.49,1518,0
56.12,3.28,4.28,1142,1
42.75,1.43,2.75,1644,0
38.72,1.48,3.14,1530,0
42.48,1.35,2.96,1416,0
37.72,1.29,2.57,1505,0
45.34,1.12,3.16,1504,0
48.83,1.47,3.61,1567,0
42.35,1.18,2.86,1439,0
48.81,1.75,2.65,1571,0
61.44,2.52,3.64,1279,1
46.44,1.76,2.7,1536,0
87.85,2.43,5.22,1324,1
38.54,0.8,3.03,1506,0
46.35,1.15,2.8,1554,0
45.72,1.38,2.35,1508,0
79.32,2.69,3.5,1321,1
56.7,2.29,4.14,1542,1
46.58,1.4,2.88,1446,0
75.96,2.71,3.4,1131,1
50.82,2.33,3.68,1201,1
41.85,1.34,2.73,1554,0
43.88,1.15,2.74,1471,0
40.7,1.89,2.72,1463,0
46.75,1.41,3.08,1508,0
47.75,1.61,2.87,1505,0
46.6,1.17,3.35,1559,0
46.52,1.7,3.49,1501,0
39.21,1.41,2.59,1611,0
54.17,1.07,3.17,1481,0
40.51,1.13,3.38,1515,0
42.89,1.73,3.29,1492,0
68.08,2.38,3.76,1265,1
42.25,1.48,2.86,1345,0
69.39,3.23,5.03,998,1
45.55,1.39,2.6,1324,0
48.87,1.61,3.23,1528,0
45.0,1.12,2.56,1542,0
66.51,3.03,3.13,1237,1
47.54,1.55,3.44,1538,0
43.03,1.13,3.01,1711,0
42.9,1.21,3.03,1566,0
65.77,2.15,4.86,1675,1
44.39,1.44,2.76,1674,0
46.29,1.04,2.45,1412,0
46.83,1.1,2.5,1416,0
59.76,2.63,4.21,1468,1
51.16,0.92,2.49,1535,0
39.2,1.53,2.74,1624,0
37.95,1.7,2.5,1560,0
67.29,3.77,4.28,1135,1
45.03,1.63,2.62,1615,0
43.66,1.52,2.82,1523,0
44.54,0.73,3.55,1585,0
43.7,1.45,2.79,1551,0
43.03,1.95,2.64,1548,0
54.55,1.37,2.11,1419,0
42.09,1.09,2.74,1319,0
42.12,1.23,3.17,1536,0
41.99,1.37,2.8,1456,0
39.28,1.13,3.39,1510,0
36.93,1.54,2.68,1451,0
53.24,1.66,2.97,1456,0
44.34,1.76,3.09,1499,0
63.17,2.71,5.37,797,1
45.08,1.59,3.44,1522,0
40.82,1.49,3.15,1370,0
69.08,3.64,5.33,972,1
46.19,1.32,3.17,1559,0
43.66,1.06,3.3,1386,0
53.49,0.93,3.09,1445,0
45.87,1.54,2.38,1494,0
44.77,1.15,2.9,1414,0
48.39,1.32,2.64,1605,0
46.3,1.13,3.45,1617,0
46.45,1.66,3.1,1433,0
50.32,1.96,3.03,1561,0
49.11,1.04,3.33,1509,0
46.76,1.48,3.17,1458,0
46.53,1.07,2.96,1402,0
39.48,0.96,2.27,1368,0
49.91,1.45,2.75,1544,0
68.99,2.73,5.22,1288,1
43.12,1.35,3.39,1572,0
45.23,1.17,3.07,1495,0
56.72,3.85,4.44,1080,1
38.78,1.3,2.79,1420,0
45.6,1.07,2.85,1560,0
52.06,2.24,3.16,1616,0
50.38,1.0,2.98,1405,0
45.68,1.41,3.48,1676,0
41.58,1.35,2.99,1549,0
42.82,1.23,3.04,1499,0
42.88,1.3,2.44,1371,0
42.86,1.4,3.21,1515,0
72.72,2.42,3.67,1027,1
43.28,1.33,3.19,1429,0
39.57,1.36,3.42,1522,0
49.19,1.66,2.75,1464,0
36.8,1.61,2.92,1295,0
39.47,1.53,2.72,1460,0
41.65,1.79,3.07,1491,0
68.57,2.64,4.9,1210,1
43.98,1.21,2.89,1436,0
76.0,1.96,3.82,1116,1
41.24,1.95,2.97,1486,0
37.26,1.2,2.91,1492,0
74.77,3.52,4.76,1176,1
45.76,1.88,3.63,1451,0
45.49,1.58,2.53,1617,0
43.5,1.22,2.86,1468,0
47.31,1.53,3.1,1444,0
48.98,1.51,2.79,1545,0
43.82,1.73,3.13,1495,0
48.57,1.54,3.53,1489,0
46.96,1.61,2.51,1431,0
38.83,2.03,3.09,1573,0
48.03,1.3,3.21,1507,0
45.14,0.86,3.33,1485,0
45.43,1.41,2.72,1517,0
45.71,0.83,2.52,1465,0
38.67,1.21,3.31,1528,0
64.48,2.47,4.38,1157,1
46.3,1.19,2.67,1578,0
45.06,0.97,3.12,1503,0
44.54,1.71,3.44,1410,0
45.55,1.39,2.77,1384,0
44.84,1.2,2.93,1588,0
42.8,1.73,3.11,1639,0
43.25,1.19,3.33,1532,0
48.49,1.06,3.57,1508,0
47.85,1.36,3.47,1575,0
50.27,1.39,2.87,1468,0
43.52,1.3,2.68,1604,0
42.33,1.62,3.52,1549,0
45.15,1.06,3.65,1425,0
64.05,2.97,3.67,1195,1
43.36,2.01,2.64,1467,0
44.48,1.28,3.56,1626,0
45.55,0.84,3.27,1526,0
61.72,2.48,3.98,1174,1
46.0,1.47,2.74,1404,0
44.32,3.82,5.12,1139,1
64.08,3.62,4.17,1079,1
43.43,1.14,3.13,1592,0
37.9,1.31,3.03,1435,0
62.83,2.93,3.9,1157,1
41.07,1.12,3.16,1570,0
39.48,1.16,2.71,1525,0
43.46,1.25,2.41,1574,0
41.1,1.56,3.7,1528,0
47.55,1.37,2.69,1586,0
51.9,1.38,3.01,1456,0
45.8,1.78,2.68,1493,0
74.22,3.69,3.92,1228,1
63.42,2.83,3.68,1285,1
62.0,2.88,4.73,1092,1
46.36,1.45,3.22,1404,0
67.73,2.09,3.59,1258,1
45.06,1.69,2.47,1548,0
50.21,1.14,3.79,1519,0
58.53,3.03,3.58,1289,1
70.58,2.47,4.51,1389,1
68.04,1.88,4.05,1281,1
45.98,1.51,3.34,1529,0
42.58,1.15,2.86,1446,0
48.42,1.15,2.92,1564,0
45.9,1.48,3.21,1584,0
45.57,1.55,2.89,1574,0
38.86,1.31,2.66,1358,0
43.43,1.85,2.69,1495,0
46.33,1.24,2.98,1497,0
38.25,1.39,2.48,1374,0
38.24,1.5,2.85,1597,0
53.25,1.71,2.8,1510,0
57.55,1.14,2.27,1535,0
63.9,2.65,3.96,1207,1
73.76,2.24,4.55,1011,1
54.48,1.78,3.04,1484,0
45.04,1.86,3.04,1360,0
33.67,1.21,2.59,1371,0
41.18,1.57,3.31,1506,0
41.37,1.52,3.03,1378,0
45.24,1.31,3.43,1467,0
43.45,1.8,3.03,1490,0
50.46,1.29,3.01,1483,0
50.15,1.25,2.81,1382,0
53.63,3.27,3.9,1139,1
40.89,1.5,3.24,1354,0
44.08,1.75,2.98,1508,0
46.02,1.52,3.27,1627,0
38.77,1.32,3.26,1474,0
51.6,0.82,2.69,1485,0
76.26,2.7,4.0,1225,1
43.53,1.5,3.35,1614,0
51.58,1.52,2.66,1390,0
61.75,2.71,4.18,1414,1
68.06,2.56,4.79,1469,1
42.93,1.58,3.6,1455,0
40.46,1.18,3.1,1603,0
39.65,1.88,2.96,1610,0
53.33,1.38,3.48,1363,0
39.0,1.12,3.19,1461,0
40.04,1.65,2.65,1504,0
48.9,1.19,3.0,1551,0
42.77,1.54,2.75,1503,0
59.78,2.46,3.95,1284,1
48.13,1.69,2.88,1562,0
42.94,1.39,3.16,1464,0
50.95,1.28,3.18,1651,0
48.48,1.33,3.51,1659,0
72.08,2.09,5.04,1055,1
41.46,1.49,2.25,1402,0
37.98,1.7,2.53,1426,0
41.36,1.39,3.08,1443,0
54.21,2.23,3.75,1156,1
43.66,1.49,2.86,1535,0
50.44,1.43,3.26,1447,0
42.57,1.33,2.15,1616,0
49.68,1.89,3.01,1677,0
47.69,1.16,2.88,1426,0
44.88,1.75,3.29,1446,0
40.21,1.31,3.14,1662,0
46.6,1.02,3.07,1527,0
45.42,1.27,3.17,1459,0
44.32,1.11,3.18,1405,0
47.09,1.45,3.31,1496,0
47.42,1.57,3.09,1469,0
49.83,1.64,2.92,1512,0
42.33,1.82,2.44,1598,0
52.59,1.12,3.18,1502,0
51.77,2.09,4.61,1358,1
47.58,1.54,3.14,1565,0
42.63,0.95,3.41,1435,0
47.21,1.14,3.39,1494,0
73.76,3.61,4.24,1220,1
49.15,1.38,2.86,1470,0
43.97,0.93,2.65,1694,0
46.54,1.2,1.97,1446,0
41.41,1.46,2.74,1550,0
44.55,1.4,2.54,1542,0
41.79,1.44,3.22,1520,0
43.15,1.33,3.53,1481,0
37.68,1.04,3.36,1402,0
58.32,2.6,3.8,1211,1
46.7,1.68,3.07,1577,0
44.4,1.38,3.17,1399,0
43.69,1.28,3.58,1381,0
54.93,2.73,4.67,1283,1
39.88,1.1,3.08,1672,0
47.36,1.67,2.56,1499,0
57.31,1.45,2.72,1533,0
39.42,1.34,3.55,1530,0
44.85,1.44,3.31,1523,0
42.64,1.6,2.96,1544,0
47.34,1.68,2.79,1518,0
51.66,1.52,2.68,1360,0
38.03,1.28,3.5,1532,0
42.9,1.19,3.22,1460,0
38.97,1.23,2.47,1561,0
44.13,1.42,2.79,1583,0
41.63,1.32,2.75,1523,0
41.2,1.35,3.0,1563,0
44.16,1.06,3.16,1520,0
39.48,1.27,3.45,1598,0
71.92,3.01,4.13,1181,1
57.54,3.11,4.22,1529,1
46.26,1.19,3.33,1429,0
68.62,3.79,5.59,1412,1
45.08,1.21,3.42,1668,0
52.78,1.22,3.05,1382,0
53.09,1.78,3.32,1570,0
43.02,1.35,3.16,1501,0
44.22,1.41,2.89,1587,0
42.07,1.41,3.18,1594,0
49.33,1.37,3.01,1512,0
41.41,1.38,2.44,1446,0
36.12,1.72,3.03,1400,0
43.13,1.15,2.99,1408,0
43.0,1.67,2.6,1431,0
50.47,1.16,2.92,1497,0
36.18,1.32,3.03,1500,0
48.06,1.22,2.81,1460,0
45.93,1.43,3.21,1563,0
71.17,4.12,3.66,1183,1
34.59,1.48,2.91,1482,0
46.57,1.5,2.54,1589,0
42.17,1.23,3.03,1344,0
60.98,1.96,5.58,1247,1
42.29,1.39,2.88,1435,0
58.59,2.4,3.33,1382,1
45.17,1.19,3.35,1579,0
39.89,1.29,2.87,1391,0
56.26,1.48,2.71,1438,0
45.17,1.39,3.6,1458,0
40.41,1.7,3.24,1695,0
38.5,1.19,3.32,1481,0
44.2,1.57,3.18,1543,0
44.29,1.45,2.98,1460,0
42.91,1.8,3.55,1548,0
39.92,1.25,2.73,1465,0
48.4,1.15,3.21,1549,0
46.31,1.64,3.33,1618,0
37.37,1.11,3.09,1437,0
45.13,1.47,3.21,1366,0
62.14,2.83,5.97,1265,1
47.41,1.7,2.48,1493,0
45.31,1.46,2.98,1559,0
45.84,1.99,3.0,1590,0
43.39,0.89,2.86,1534,0
41.88,1.01,2.69,1325,0
45.12,1.4,2.68,1576,0
55.14,2.17,4.43,1445,1
45.04,1.09,2.67,1530,0
45.09,1.67,3.3,1450,0
46.95,1.46,2.77,1477,0
44.58,1.65,3.29,1511,0
47.42,1.6,2.52,1530,0
42.56,1.28,3.36,1549,0
57.14,3.34,4.34,1258,1
68.25,3.69,3.45,1047,1
45.14,0.97,2.43,1521,0
51.39,1.33,3.35,1511,0
41.56,1.78,2.67,1488,0
50.42,1.5,2.93,1579,0
42.64,1.72,3.08,1575,0
74.19,2.95,5.55,1319,1
52.33,1.31,3.0,1431,0
49.69,1.48,2.8,1478,0
64.83,2.68,4.39,1092,1
42.49,1.61,3.65,1384,0
37.43,1.25,3.76,1424,0
39.15,2.06,2.68,1530,0
36.51,1.31,2.65,1514,0
46.66,1.84,4.85,1113,1
46.74,1.39,2.66,1603,0
38.9,1.28,2.64,1657,0
59.88,2.71,4.63,1576,1
45.1,1.18,2.41,1331,0
40.96,1.29,2.44,1529,0
73.45,2.94,4.7,1430,1
39.7,1.6,2.83,1462,0
42.7,1.41,2.53,1623,0
43.51,2.0,2.75,1596,0
66.29,4.07,4.45,1204,1
43.88,1.19,3.16,1281,0
48.04,1.63,3.2,1495,0
37.2,1.24,3.16,1446,0
40.63,1.53,3.55,1449,0
64.82,3.64,5.1,1379,1
53.15,2.85,3.28,1187,1
43.45,1.64,3.41,1552,0
44.24,1.31,2.69,1516,0
48.55,1.22,2.9,1402,0
61.07,2.21,4.43,971,1
40.8,1.62,3.08,1502,0
47.49,1.53,2.79,1545,0
44.06,1.14,3.2,1442,0
39.35,1.64,3.35,1477,0
46.55,0.93,3.24,1444,0
46.25,1.69,3.22,1247,0
65.89,3.01,4.73,1284,1
47.67,1.62,3.19,1450,0
48.82,2.22,2.72,1490,0
68.88,3.24,4.68,1109,1
41.42,1.59,2.51,1483,0
45.78,1.62,3.26,1526,0
45.14,1.63,2.68,1435,0
45.96,1.66,2.77,1682,0
49.79,1.5,2.82,1507,0
44.24,1.57,2.83,1444,0
47.8,1.4,3.01,1615,0
39.8,1.43,3.46,1566,0
44.4,1.46,2.77,1631,0
47.0,1.11,2.04,1486,0
52.59,1.56,2.76,1526,0
39.5,1.6,3.25,1376,0
42.36,0.79,3.35,1552,0
60.34,2.29,5.54,1086,1
43.9,1.34,2.83,1474,0
44.85,1.5,2.39,1509,0
44.9,1.88,2.84,1421,0
61.76,4.16,5.4,1108,1
40.61,1.65,3.1,1497,0
46.38,1.54,2.35,1443,0
41.84,1.2,2.78,1416,0
49.36,1.55,3.46,1509,0
46.95,1.48,2.49,1311,0
39.28,1.43,3.5,1402,0
63.63,1.54,5.39,1310,1
47.61,1.72,3.17,1647,0
45.82,1.17,2.81,1705,0
61.56,2.26,4.59,1215,1
78.0,3.23,3.47,1298,1
45.1,1.62,3.16,1537,0
47.75,1.54,3.05,1493,0
41.41,1.63,3.05,1442,0
42.96,1.45,2.5,1545,0
56.34,2.67,5.13,1264,1
43.57,1.19,2.82,1430,0
44.98,1.38,2.76,1389,0
40.86,1.14,3.13,1343,0
38.75,1.24,2.89,1519,0
41.71,1.67,3.24,1570,0
81.39,2.78,2.69,1085,1
45.56,1.6,3.19,1525,0
70.52,2.0,3.53,1443,1
44.36,1.59,2.28,1510,0
46.22,1.49,3.28,1637,0
76.55,2.73,4.53,1101,1
47.46,1.52,2.73,1530,0
46.34,1.68,2.72,1419,0
48.41,1.16,3.04,1651,0
41.56,1.33,2.36,1547,0
59.35,2.89,3.69,1119,1
52.1,1.82,2.96,1528,0
50.97,1.34,3.32,1466,0
40.03,1.69,3.01,1438,0
37.4,1.71,3.36,1398,0
41.41,1.3,3.21,1300,0
69.36,2.19,5.21,996,1
43.25,1.66,2.78,1499,0
43.72,1.35,3.06,1578,0
41.54,1.25,3.56,1568,0
38.08,1.35,2.85,1565,0
43.73,1.67,2.83,1456,0
75.82,3.22,5.31,1441,1
44.44,1.74,3.77,1586,0
46.28,1.86,3.22,1565,0
70.27,2.64,4.79,1254,1
42.46,1.18,2.95,1551,0
42.96,1.48,3.23,1378,0
46.67,1.51,2.95,1476,0
43.21,1.45,3.52,1542,0
44.68,1.33,3.05,1371,0
41.03,1.83,3.23,1475,0
41.86,1.4,3.18,1407,0
41.45,1.2,2.55,1507,0
48.44,1.33,3.67,1543,0
52.56,1.31,2.93,1491,0
59.38,2.78,3.99,1529,1
61.29,3.69,5.19,1245,1
43.55,1.4,3.46,1364,0
44.05,0.89,2.63,1386,0
44.87,1.53,2.46,1442,0
36.13,1.09,2.51,1455,0
63.66,3.03,3.99,1321,1
43.07,1.39,3.01,1447,0
41.96,1.52,2.92,1427,0
49.28,1.14,2.85,1600,0
47.3,1.38,2.83,1444,0
48.83,1.22,3.63,1544,0
51.91,1.05,3.05,1475,0
39.56,1.58,3.1,1397,0
46.06,1.23,3.24,1478,0
41.6,1.84,2.86,1336,0
45.72,1.31,3.21,1470,0
44.18,1.71,3.02,1544,0
38.66,1.07,2.64,1448,0
46.88,0.98,3.1,1451,0
47.96,1.33,3.29,1463,0
47.97,1.22,2.71,1554,0
41.29,1.27,2.93,1461,0
66.31,1.41,5.04,1446,1
44.63,1.72,2.64,1507,0
49.74,1.0,3.48,1487,0
42.45,0.98,3.02,1412,0
37.13,1.53,3.16,1540,0
70.21,3.86,4.64,1085,1
38.12,1.47,2.96,1403,0
44.56,1.54,3.27,1459,0
41.0,1.16,3.11,1564,0
51.14,1.64,1.96,1485,0
40.48,1.69,2.93,1492,0
59.1,4.44,4.74,1200,1
49.36,1.66,2.71,1609,0
43.67,1.49,3.23,1549,0
41.98,1.33,3.62,1421,0
45.24,1.18,3.21,1414,0
39.37,1.48,3.12,1515,0
43.64,1.53,2.91,1338,0
46.63,1.39,3.01,1502,0
39.97,1.43,3.16,1424,0
41.01,1.53,2.85,1586,0
42.36,1.55,3.21,1464,0
44.03,1.32,3.34,1601,0
49.69,1.34,2.58,1516,0
44.82,1.69,3.25,1562,0
81.96,3.3,4.9,1528,1
46.8,1.05,3.08,1575,0
41.65,1.8,3.09,1430,0
41.93,1.55,3.47,1561,0
42.57,1.28,2.85,1434,0
44.89,1.44,3.53,1561,0
44.62,1.54,2.86,1569,0
36.89,1.13,3.24,1475,0
46.2,1.65,3.07,1489,0
47.54,1.63,2.92,1616,0
77.48,2.52,4.67,918,1
44.87,1.63,3.06,1581,0
38.54,1.0,2.83,1462,0
81.14,2.31,4.82,1154,1
56.12,1.7,2.5,1504,0
40.83,0.94,3.05,1558,0
48.98,1.19,2.89,1453,0
36.67,1.75,3.15,1589,0
41.68,1.55,3.05,1515,0
41.2,1.23,2.97,1396,0
36.52,1.02,3.08,1404,0
45.56,1.17,2.71,1579,0
58.68,2.2,3.5,1336,1
45.47,1.28,2.63,1360,0
47.19,0.49,3.59,1373,0
45.23,1.79,2.88,1424,0
44.31,1.68,3.16,1458,0
47.94,1.41,3.46,1615,0
43.74,1.74,2.88,1425,0
45.1,1.32,3.2,1543,0
36.86,1.24,2.73,1471,0
44.61,1.29,2.95,1410,0
44.02,1.22,3.05,1605,0
68.27,3.73,3.82,1348,1
59.56,2.88,4.19,1027,1
65.47,3.14,4.69,1076,1
42.82,1.11,3.11,1600,0
62.79,3.45,4.7,1424,1
40.1,1.21,2.86,1425,0
73.39,3.27,3.1,1143,1
55.12,1.72,2.88,1575,0
46.81,1.4,3.17,1506,0
49.41,1.54,2.95,1359,0
49.09,1.02,3.22,1526,0
48.36,1.23,2.76,1401,0
50.81,0.98,2.51,1549,0
56.4,3.59,6.25,1317,1
71.7,3.27,3.69,1264,1
40.55,1.5,2.75,1503,0
48.82,1.2,3.45,1556,0
73.89,2.31,4.99,1502,1
42.69,1.48,3.93,1457,0
50.27,1.49,2.85,1455,0
53.37,1.81,3.05,1411,0
45.96,1.47,2.29,1511,0
47.15,1.08,2.8,1483,0
39.73,1.1,2.6,1560,0
48.9,1.66,3.24,1465,0
62.95,2.25,3.91,1465,1
40.0,1.32,2.13,1437,0
42.91,1.44,2.9,1509,0
38.16,1.54,2.87,1529,0
42.39,1.26,2.96,1455,0
45.55,1.24,2.94,1550,0
50.65,1.68,3.17,1603,0
49.68,1.26,3.17,1497,0
47.77,1.6,3.15,1516,0
46.57,1.32,2.57,1406,0
43.65,1.51,3.13,1480,0
43.72,1.38,2.72,1406,0
41.14,1.55,3.06,1511,0
71.26,4.04,4.58,982,1
50.16,1.66,3.08,1486,0
42.49,1.2,3.29,1361,0
38.94,1.72,3.37,1368,0
68.47,2.97,4.14,1037,1
47.49,1.76,3.48,1554,0
40.39,1.53,2.56,1549,0
41.81,1.42,2.76,1496,0
64.41,3.15,4.34,1236,1
41.32,1.21,3.26,1339,0
47.48,1.74,3.46,1500,0
43.43,1.3,3.42,1504,0
50.22,1.34,3.54,1560,0
50.95,2.15,3.33,1304,1
45.22,1.35,2.57,1414,0
40.25,1.47,3.46,1346,0
42.89,1.2,2.87,1505,0
41.88,1.28,2.76,1612,0
45.48,1.24,3.09,1500,0
42.38,1.17,3.25,1451,0
43.15,0.99,3.06,1522,0
46.0,1.16,2.94,1545,0
47.97,1.64,2.94,1533,0
72.57,2.5,3.36,1202,1
52.19,1.46,3.12,1390,0
37.98,1.47,3.32,1433,0
47.41,1.73,2.62,1599,0
46.5,1.52,2.36,1476,0
76.91,3.48,5.1,1592,1
57.29,4.51,4.95,1077,1
44.08,1.69,2.68,1544,0
48.86,1.41,3.05,1527,0
48.33,1.49,2.37,1446,0
40.73,1.28,3.12,1616,0
43.2,1.56,2.69,1513,0
44.3,1.43,3.07,1312,0
48.6,1.52,2.87,1610,0
41.88,1.41,2.46,1562,0
41.72,1.51,3.41,1510,0
46.13,1.4,2.27,1516,0
32.29,1.38,3.49,1719,0
51.92,1.35,3.21,1552,0
42.63,1.33,3.21,1441,0
44.28,1.14,2.84,1378,0
60.0,2.92,4.43,1202,1
65.46,3.51,5.96,1128,1
47.35,1.74,3.15,1533,0
59.87,2.76,4.02,995,1
75.14,2.59,4.26,1410,1
44.7,1.53,3.39,1502,0
39.35,1.35,3.71,1480,0
37.67,1.55,2.62,1592,0
40.63,1.61,2.82,1470,0
45.13,1.11,3.09,1425,0
44.97,1.28,3.45,1621,0
42.1,1.23,3.0,1459,0
45.84,1.37,2.63,1376,0
41.77,1.46,2.77,1623,0
66.62,2.92,4.65,1186,1
50.3,1.37,2.91,1461,0
61.36,3.08,2.9,1155,1
41.49,1.08,2.67,1532,0
70.11,3.0,3.57,1343,1
44.81,1.23,2.82,1323,0
48.4,1.22,2.88,1567,0
44.86,1.13,3.42,1389,0
39.38,1.6,3.16,1420,0
50.82,0.93,3.03,1513,0
45.96,1.5,2.99,1386,0
41.95,1.16,2.86,1441,0
45.53,1.43,3.33,1402,0
47.23,1.38,3.09,1445,0
53.56,2.13,5.38,1342,1
48.7,1.31,2.94,1390,0
47.93,1.3,2.65,1486,0
44.06,1.42,2.74,1565,0
65.72,3.87,5.51,1267,1
39.68,0.77,3.11,1645,0
71.26,1.8,3.69,1394,1
62.88,3.58,4.72,1603,1
44.1,1.32,2.98,1422,0
40.45,1.68,2.54,1563,0
66.83,3.08,4.23,1340,1
44.43,1.38,2.74,1396,0
42.41,1.35,3.31,1437,0
47.74,1.17,2.53,1541,0
40.57,1.37,2.47,1534,0
65.0,3.53,4.0,1250,1
51.38,1.75,2.85,1339,0
55.84,1.51,2.31,1549,0
48.09,1.38,2.91,1404,0
47.08,1.01,2.41,1356,0
64.0,3.76,4.23,1587,1
45.29,1.44,3.25,1414,0
39.0,0.99,2.33,1497,0
45.39,1.47,2.3,1560,0
44.78,1.55,2.88,1220,0
51.04,1.32,2.7,1431,0
52.08,3.97,4.17,1141,1
55.92,3.15,4.84,1350,1
43.17,1.26,2.97,1657,0
66.71,2.87,4.38,1077,1
40.57,1.51,2.77,1473,0
46.35,1.64,3.12,1559,0
52.15,1.7,2.61,1509,0
44.8,1.55,2.57,1407,0
41.91,1.51,3.02,1501,0
57.1,2.61,5.36,1406,1
52.2,1.47,3.36,1553,0
43.58,1.21,2.96,1495,0
38.49,1.28,2.81,1465,0
48.29,1.3,3.33,1565,0
40.7,1.09,2.54,1464,0
58.78,3.96,5.53,1508,1
49.41,1.54,2.39,1319,0
54.48,2.71,3.83,1235,1
47.0,1.47,2.9,1578,0
43.19,1.59,3.0,1482,0
76.84,2.41,4.43,1393,1
40.0,1.43,3.4,1527,0
49.73,1.65,3.06,1531,0
75.28,2.14,3.64,1090,1
38.19,1.92,2.97,1616,0
52.66,1.51,2.24,1548,0
45.54,1.47,3.35,1520,0
40.4,1.32,3.06,1475,0
45.9,1.59,2.58,1571,0
38.63,1.15,2.65,1373,0
48.38,1.49,3.26,1457,0
73.05,3.22,4.35,1245,1
44.92,1.57,2.7,1610,0
46.15,1.17,3.0,1455,0
73.24,3.42,4.04,1432,1
44.9,1.23,2.81,1523,0
46.76,1.56,2.85,1563,0
45.92,1.29,2.79,1537,0
43.07,1.38,3.32,1469,0
49.72,1.19,3.15,1534,0
47.66,1.8,2.47,1484,0
56.33,3.24,4.99,1520,1
66.28,3.33,4.69,1127,1
41.01,1.73,3.09,1368,0
62.3,3.53,4.28,1179,1
46.85,1.33,2.89,1386,0
43.84,1.22,2.8,1521,0
48.31,1.06,2.59,1438,0
39.44,1.57,3.07,1606,0
45.94,0.98,2.7,1565,0
49.48,1.8,2.54,1620,0
51.17,1.51,3.35,1381,0
52.79,1.22,3.33,1557,0
48.23,1.61,3.3,1469,0
46.27,1.1,3.05,1452,0
46.33,1.45,2.93,1522,0
50.36,1.66,1.96,1543,0
49.19,1.2,3.33,1484,0
41.33,1.59,3.44,1607,0
52.89,1.49,3.27,1507,0
47.76,1.4,3.44,1470,0
46.44,1.26,3.67,1453,0
42.65,1.77,2.96,1374,0
39.37,1.29,3.0,1454,0
52.07,1.17,2.94,1445,0
43.62,1.47,2.84,1582,0
49.28,1.66,3.23,1709,0
40.56,1.45,2.7,1451,0
52.68,1.29,3.11,1381,0
41.7,1.82,3.01,1445,0
50.24,1.43,3.42,1544,0
66.91,2.76,4.97,737,1
47.25,1.27,2.61,1573,0
42.4,0.89,2.8,1630,0
44.7,1.25,3.24,1641,0
45.2,1.81,3.64,1364,0
44.86,0.66,3.12,1444,0
47.08,1.48,2.87,1565,0
47.02,1.51,3.47,1506,0
42.6,2.06,2.76,1448,0
46.14,1.47,3.86,1467,0
45.4,1.1,2.3,1539,0
44.12,1.51,3.85,1454,0
50.5,0.87,3.18,1482,0
64.72,3.58,4.38,1572,1
43.35,1.68,2.88,1563,0
50.29,1.63,2.62,1519,0
72.42,4.25,4.89,1284,1
45.34,1.44,3.47,1444,0
42.98,1.21,3.12,1491,0
73.77,3.28,4.22,1416,1
47.81,1.51,3.36,1517,0
71.67,3.61,5.11,1399,1
65.8,3.51,4.45,1434,1
45.66,1.59,3.1,1394,0
40.02,1.04,2.71,1519,0
62.84,3.81,3.67,1131,1
42.61,1.25,2.66,1560,0
50.49,1.55,2.81,1651,0
40.59,1.4,2.62,1513,0
52.39,1.31,2.8,1503,0
38.91,1.46,3.29,1470,0
69.26,2.94,3.44,1084,1
43.23,1.08,2.52,1419,0
41.03,1.57,2.39,1368,0
69.98,3.3,4.43,1223,1
47.9,1.58,3.73,1478,0
45.12,1.32,3.37,1431,0
43.28,1.43,2.61,1603,0
50.96,1.2,2.91,1343,0
46.29,1.32,3.05,1394,0
44.86,1.65,2.64,1503,0
47.23,0.95,2.58,1528,0
45.32,1.41,3.02,1427,0
45.97,1.13,2.27,1489,0
44.31,1.29,2.72,1417,0
46.97,1.51,2.95,1448,0
49.58,1.52,2.44,1482,0
42.2,1.51,3.17,1516,0
41.44,1.11,2.75,1465,0
48.09,1.39,2.7,1602,0
45.39,1.79,3.02,1454,0
44.73,1.18,2.86,1482,0
45.77,1.32,3.1,1304,0
44.17,1.44,2.94,1522,0
41.54,1.53,3.77,1638,0
36.39,1.32,3.32,1494,0
55.48,1.12,3.3,1442,0
51.55,1.55,3.0,1451,0
46.6,1.62,2.61,1531,0
43.32,1.53,3.43,1580,0
44.09,1.4,2.29,1567,0
46.02,1.02,2.89,1494,0
42.16,1.05,2.99,1485,0
43.46,0.81,2.82,1552,0
72.5,3.56,5.08,1064,1
72.35,4.5,5.82,1150,1
46.29,1.37,2.65,1488,0
33.9,1.68,3.13,1530,0
42.67,1.2,3.15,1430,0
50.86,0.8,3.01,1554,0
42.83,1.47,3.32,1568,0
39.72,1.06,3.33,1536,0
74.66,3.07,5.44,1180,1
41.92,1.07,3.58,1603,0
45.03,1.43,3.07,1438,0
44.6,1.15,3.27,1571,0
44.27,1.55,2.74,1413,0
43.09,0.99,3.45,1504,0
39.31,1.1,2.95,1504,0
37.53,1.64,2.94,1414,0
43.7,1.09,3.36,1408,0
38.22,1.52,2.83,1495,0
43.6,1.72,2.48,1300,0
42.79,1.0,2.9,1577,0
48.04,1.48,3.4,1591,0
54.81,1.02,2.76,1516,0
45.61,1.36,3.07,1563,0
42.62,1.46,2.87,1565,0
48.9,1.37,3.65,1523,0
38.08,1.49,3.23,1512,0
70.6,2.03,2.97,1317,1
69.69,2.37,4.95,1386,1
40.99,1.4,2.79,1542,0
47.14,1.68,2.67,1600,0
45.78,1.29,2.88,1450,0
50.4,1.66,3.49,1639,0
40.67,0.88,2.93,1396,0
41.93,1.36,3.7,1508,0
42.87,1.67,2.86,1527,0
40.04,1.01,2.9,1387,0
43.98,1.05,2.96,1630,0
44.77,0.69,2.84,1572,0
41.21,0.94,3.13,1443,0
44.12,1.3,2.72,1507,0
35.46,1.56,2.59,1416,0
45.63,1.46,2.42,1453,0
44.9,1.56,3.18,1403,0
46.9,1.14,3.25,1497,0
42.07,1.4,2.96,1542,0
69.03,3.06,4.19,1467,1
51.06,1.59,3.5,1513,0
47.86,1.07,2.82,1429,0
45.24,1.52,3.48,1466,0
79.55,2.57,4.5,1404,1
46.91,1.58,2.88,1461,0
38.62,1.46,2.94,1432,0
44.13,1.28,2.78,1381,0
64.84,1.45,2.35,1035,1
73.0,3.23,5.13,1637,1
48.41,1.59,3.33,1596,0
68.29,3.25,5.07,1237,1
57.92,3.69,5.16,1339,1
63.17,2.64,3.52,1154,1
45.37,1.63,3.24,1416,0
46.32,1.2,2.37,1585,0
42.59,1.74,3.95,1616,0
45.16,1.24,3.42,1465,0
48.9,1.15,2.67,1523,0
41.58,1.48,3.62,1430,0
46.98,1.32,2.83,1359,0
45.82,1.23,3.13,1538,0
55.11,3.06,5.29,1213,1
40.16,1.46,3.93,1358,0
44.8,1.26,2.85,1553,0
47.86,1.63,2.79,1528,0
45.35,1.65,3.13,1557,0
46.06,1.31,3.17,1492,0
43.26,1.19,3.6,1508,0
68.24,2.08,4.49,1526,1
68.27,3.18,5.01,1374,1
40.1,1.77,2.93,1432,0
47.58,1.39,2.73,1457,0
44.6,1.49,3.01,1516,0
42.86,1.69,3.36,1441,0
37.12,1.71,2.79,1546,0
65.18,3.31,4.0,1078,1
66.81,1.83,3.95,1130,1
66.81,2.35,3.71,1135,1
43.19,1.51,3.39,1410,0
44.56,1.08,2.48,1476,0
41.59,1.93,3.12,1364,0
50.27,1.13,2.75,1423,0
61.61,2.09,4.74,1532,1
38.96,1.98,3.33,1518,0
46.76,1.02,3.01,1455,0
56.87,3.39,3.79,1457,1
49.75,1.24,3.07,1574,0
44.77,1.32,2.75,1510,0
44.82,1.64,3.33,1465,0
46.18,1.08,2.89,1504,0
43.39,1.38,2.59,1431,0
48.48,1.3,2.75,1474,0
42.8,1.29,2.63,1394,0
48.44,1.42,3.26,1488,0
45.81,1.58,2.61,1507,0
49.18,1.3,2.98,1404,0
39.91,1.33,3.08,1408,0
48.94,1.36,3.31,1506,0
62.21,2.19,3.6,1661,1
49.54,1.56,3.07,1435,0
40.66,1.54,2.93,1385,0
47.78,1.53,3.41,1534,0
45.96,1.56,3.67,1449,0
54.28,1.2,3.12,1543,0
57.77,2.35,4.12,1430,1
46.96,1.6,2.9,1496,0
46.96,1.61,2.84,1258,0
48.03,1.75,2.46,1613,0
46.17,1.54,2.42,1439,0
48.34,1.29,2.83,1504,0
45.64,1.46,2.63,1519,0
69.7,3.14,4.76,1107,1
46.3,1.99,2.99,1572,0
45.31,1.76,3.25,1408,0
74.0,2.69,4.21,1433,1
57.55,2.14,3.23,1369,1
56.78,2.97,4.28,1578,1
45.04,1.37,3.48,1606,0
41.01,1.16,2.69,1473,0
37.92,1.9,2.85,1534,0
35.53,1.55,2.83,1495,0
47.93,1.61,3.55,1410,0
44.62,1.36,3.09,1522,0
45.97,1.37,2.57,1520,0
64.55,2.67,4.95,981,1
51.0,1.2,3.13,1537,0
47.05,1.2,3.29,1382,0
46.02,1.45,2.89,1406,0
65.51,3.2,3.72,1346,1
63.35,2.63,4.3,1342,1
47.02,1.24,2.76,1415,0
45.11,1.61,3.12,1382,0
46.51,1.32,2.86,1594,0
50.87,1.25,2.72,1522,0
56.6,2.93,4.4,987,1
71.88,3.49,4.95,1364,1
35.48,1.36,3.17,1458,0
37.16,1.05,3.02,1522,0
52.55,1.48,3.6,1463,0
41.53,1.65,3.66,1365,0
48.86,0.77,3.24,1434,0
67.59,3.52,4.43,1397,1
35.49,1.86,3.52,1564,0
39.88,1.75,2.93,1589,0
46.53,1.17,3.53,1573,0
41.74,1.47,2.93,1450,0
63.4,3.41,4.5,1129,1
47.72,1.19,3.05,1498,0
46.62,1.63,2.99,1425,0
40.19,1.26,3.82,1596,0
39.72,1.22,2.71,1523,0
51.66,1.77,3.55,1446,0
49.03,1.48,2.22,1345,0
46.9,1.63,2.66,1422,0
44.69,1.3,3.19,1587,0
40.81,1.58,3.22,1583,0
47.8,1.56,2.75,1534,0
47.92,1.19,2.55,1586,0
45.03,1.22,3.32,1420,0
46.05,1.67,2.99,1458,0
60.65,4.27,4.69,1073,1
40.07,1.15,3.18,1348,0
44.84,1.67,3.27,1573,0
40.78,0.89,2.91,1508,0
72.41,3.09,3.6,1158,1
48.0,1.28,2.81,1399,0
65.44,2.4,4.34,1217,1
47.03,1.64,2.65,1565,0
55.16,1.48,2.59,1560,0
41.9,1.83,2.86,1451,0
53.21,1.55,2.89,1477,0
40.48,1.48,2.44,1503,0
43.62,1.11,2.75,1341,0
64.06,3.26,5.85,1076,1
42.58,1.57,3.2,1554,0
39.75,1.94,3.29,1641,0
43.08,1.55,2.53,1385,0
43.73,1.52,3.09,1555,0
51.47,1.8,3.2,1534,0
47.46,0.74,3.15,1546,0
51.71,1.26,3.33,1426,0
48.81,1.31,3.02,1561,0
51.84,1.5,2.71,1502,0
38.87,1.02,3.08,1436,0
43.16,1.0,3.44,1547,0
47.96,1.62,2.53,1308,0
43.73,1.24,3.44,1512,0
49.77,2.0,2.26,1501,0
57.68,2.03,3.49,1521,1
46.77,1.02,3.24,1406,0
38.72,1.48,2.97,1590,0
47.66,1.12,3.01,1414,0
63.34,3.14,3.68,1273,1
67.55,2.85,4.82,1469,1
45.85,1.38,2.5,1439,0
44.39,1.39,3.56,1606,0
50.07,1.46,2.62,1588,0
43.64,1.82,3.26,1579,0
45.55,1.31,2.98,1413,0
44.76,1.12,3.39,1513,0
47.4,1.47,3.54,1515,0
39.85,1.37,2.88,1567,0
36.94,1.46,2.53,1560,0
76.63,2.06,4.49,1299,1
72.22,2.75,4.75,1312,1
49.8,1.62,2.85,1481,0
47.01,1.73,3.02,1567,0
46.56,1.53,3.32,1430,0
46.58,1.31,3.44,1475,0
38.67,1.39,2.69,1504,0
65.06,2.98,4.14,897,1
34.78,1.48,2.78,1457,0
37.46,1.58,2.92,1379,0
71.21,2.23,3.87,1497,1
45.33,1.84,2.69,1531,0
57.28,3.03,4.49,1605,1
45.46,1.48,3.14,1401,0
45.81,1.36,3.08,1476,0
60.92,3.1,4.08,1255,1
56.11,3.82,5.49,1480,1
46.39,1.31,2.93,1579,0
65.89,3.32,5.37,1018,1
51.99,1.36,2.85,1646,0
51.35,1.51,3.3,1500,0
38.31,1.79,2.85,1390,0
41.93,1.64,2.72,1589,0
44.73,1.55,2.95,1351,0
47.41,1.59,3.59,1447,0
41.3,0.82,2.64,1535,0
44.3,1.41,2.95,1464,0
37.59,1.54,3.05,1452,0
51.02,1.21,2.71,1472,0
45.84,1.25,2.83,1614,0
47.01,2.24,2.79,1662,0
49.1,1.59,3.08,1513,0
49.65,1.36,3.23,1402,0
50.79,1.54,2.3,1543,0
59.6,2.31,4.04,1529,1
44.99,1.33,3.02,1701,0
72.01,3.13,4.76,1342,1
58.15,2.24,5.34,1616,1
56.75,4.17,3.68,1413,1
41.76,1.36,3.02,1672,0
47.21,1.75,3.56,1493,0
41.74,1.29,2.54,1713,0
71.44,2.76,4.64,1477,1
50.89,1.13,3.06,1469,0
44.55,1.7,2.91,1444,0
43.89,1.91,3.3,1561,0
41.76,1.11,2.77,1540,0
43.28,1.65,2.8,1404,0
46.87,1.61,3.2,1577,0
39.91,1.69,3.5,1536,0
47.43,1.31,3.09,1625,0
38.64,1.26,2.72,1399,0
39.71,1.54,3.68,1487,0
49.03,1.6,2.72,1371,0
38.71,1.41,3.49,1566,0
46.11,1.64,2.8,1407,0
39.11,1.69,2.98,1474,0
46.32,1.39,3.45,1571,0
46.83,1.55,2.86,1554,0
40.59,1.04,2.87,1577,0
77.17,2.73,4.64,1228,1
40.9,0.98,3.0,1473,0
43.45,1.34,2.3,1300,0
42.33,1.21,2.24,1462,0
52.51,1.68,2.85,1471,0
48.15,1.51,2.99,1606,0
45.67,0.88,2.71,1660,0
42.14,1.7,3.51,1600,0
39.6,1.08,2.87,1533,0
43.4,1.47,2.82,1474,0
46.39,1.62,2.64,1542,0
45.68,1.51,3.1,1613,0
59.76,3.07,3.52,1347,1
42.61,1.05,3.38,1562,0
43.51,1.58,2.93,1433,0
53.22,1.16,2.91,1572,0
40.85,1.53,3.2,1544,0
46.71,1.79,2.58,1548,0
51.79,2.39,4.42,1319,1
41.57,1.44,3.18,1416,0
41.01,1.06,2.76,1395,0
42.62,1.1,3.0,1432,0
49.46,0.72,2.67,1464,0
44.9,1.14,3.17,1562,0
73.61,4.12,2.97,1523,1
45.37,1.22,3.2,1410,0
52.6,1.41,2.81,1482,0
49.69,1.37,2.89,1463,0
74.0,3.72,4.91,1196,1
51.77,1.43,2.31,1509,0
41.4,1.01,2.78,1494,0
56.77,2.82,5.23,1068,1
47.86,1.44,3.05,1310,0
44.87,0.65,2.83,1546,0
43.69,1.38,2.9,1437,0
41.06,1.31,3.1,1480,0
42.59,1.75,2.46,1434,0
49.65,1.36,2.15,1645,0
47.84,1.55,2.97,1453,0
43.2,1.1,2.83,1430,0
49.15,1.04,3.4,1455,0
44.11,1.54,3.0,1501,0
45.68,1.37,3.23,1488,0
46.48,1.52,2.0,1581,0
62.72,2.24,5.54,1197,1
49.09,1.59,3.47,1456,0
41.98,1.2,3.02,1623,0
48.73,0.86,3.09,1400,0
44.96,1.6,3.24,1590,0
50.28,1.42,3.49,1563,0
40.61,1.45,3.08,1497,0
52.52,1.54,3.44,1397,0
63.18,3.42,3.99,947,1
41.21,1.26,2.79,1501,0
43.36,1.43,2.92,1547,0
78.51,1.51,4.24,1138,1
45.9,1.67,2.96,1625,0
50.36,0.93,3.07,1540,0
46.19,1.26,2.61,1454,0
50.93,1.56,2.74,1436,0
42.49,1.59,3.34,1654,0
43.48,1.34,3.02,1451,0
47.45,1.27,2.94,1438,0
35.43,1.54,3.51,1474,0
59.53,2.46,4.37,1630,1
47.7,1.58,3.35,1574,0
76.84,2.34,4.65,1237,1
43.88,1.22,2.98,1420,0
67.71,3.02,5.74,1308,1
43.57,1.35,2.66,1520,0
44.87,1.61,3.34,1514,0
48.38,2.02,3.11,1552,0
76.94,1.86,4.76,1235,1
43.93,1.82,2.52,1519,0
45.75,1.17,2.53,1477,0
56.22,3.49,4.17,1086,1
67.74,2.8,3.96,1415,1
53.05,1.35,3.14,1684,0
47.99,1.46,3.01,1607,0
50.16,1.15,3.41,1467,0
46.41,1.73,3.7,1636,0
42.75,1.01,2.6,1395,0
48.92,1.05,3.0,1542,0
47.37,1.33,3.38,1482,0
45.35,1.07,3.45,1588,0
44.58,1.2,3.71,1597,0
48.64,1.5,3.2,1471,0
42.12,1.4,2.64,1443,0
45.51,1.05,3.17,1478,0
43.21,1.12,3.11,1627,0
43.2,1.07,2.74,1472,0
46.26,1.21,2.71,1512,0
45.17,0.42,3.65,1656,0
43.1,1.46,2.22,1616,0
45.08,1.29,2.71,1527,0
44.68,1.47,3.16,1432,0
41.43,1.24,2.69,1573,0
35.29,1.6,2.34,1609,0
71.53,3.21,3.73,1209,1
62.67,3.72,4.56,1442,1
40.16,1.75,3.73,1412,0
40.75,1.47,2.63,1487,0
45.66,1.14,3.14,1466,0
61.07,1.71,4.38,1139,1
44.64,1.57,2.87,1361,0
74.44,4.15,5.09,1275,1
37.78,1.19,2.97,1561,0
78.78,2.72,4.85,1487,1
47.17,1.15,3.27,1563,0
44.68,1.44,2.11,1511,0
40.7,1.42,3.18,1512,0
67.51,3.24,4.27,1100,1
42.01,1.2,3.67,1438,0
44.04,1.45,2.58,1569,0
38.81,1.08,2.6,1401,0
47.81,1.18,2.57,1525,0
35.74,1.33,3.25,1422,0
64.05,3.59,4.71,1474,1
41.23,1.3,2.42,1563,0
47.0,1.7,2.84,1354,0
41.83,1.25,3.24,1490,0
42.37,1.58,3.44,1361,0
44.02,1.21,3.59,1551,0
41.8,1.5,2.59,1529,0
43.45,0.88,2.96,1449,0
51.29,2.94,4.15,1140,1
46.76,1.76,2.64,1396,0
48.85,1.84,3.3,1483,0
47.8,2.54,4.37,1232,1
46.7,1.04,2.67,1513,0
68.3,2.78,3.43,1598,1
53.86,2.25,4.1,1314,1
39.61,1.55,3.36,1628,0
44.7,1.44,3.1,1429,0
73.87,3.3,5.38,1320,1
41.25,1.17,1.99,1546,0
49.14,2.57,5.27,1347,1
47.28,1.56,3.5,1433,0
41.9,1.19,2.94,1510,0
43.11,1.42,3.3,1494,0
43.55,1.53,2.7,1488,0
45.59,1.52,3.28,1491,0
45.87,1.3,3.08,1704,0
46.07,1.43,2.61,1503,0
69.25,3.65,4.85,1236,1
33.65,1.54,3.05,1511,0
45.29,1.22,2.78,1514,0
72.97,2.93,3.98,1428,1
40.8,1.96,3.11,1428,0
79.43,1.5,3.32,1356,1
69.74,2.41,5.2,1075,1
42.87,1.21,3.21,1562,0
47.03,1.5,2.74,1574,0
47.86,1.54,2.39,1502,0
47.93,1.69,3.58,1433,0
47.15,1.59,2.65,1509,0
41.09,1.55,3.46,1518,0
51.98,2.86,3.75,1670,1
48.32,1.21,3.05,1534,0
41.24,1.28,2.81,1505,0
42.88,1.73,2.58,1575,0
70.3,3.38,5.31,1076,1
35.51,1.44,2.97,1563,0
70.17,3.78,4.34,1141,1
40.68,1.1,2.91,1528,0
38.3,1.73,3.49,1353,0
41.7,1.04,3.05,1665,0
42.43,1.56,3.12,1547,0
40.76,1.48,3.38,1573,0
42.6,1.42,3.31,1507,0
47.28,1.82,2.96,1553,0
44.25,1.44,3.07,1585,0
46.11,1.4,2.49,1428,0
61.36,3.55,3.66,1317,1
46.37,1.63,3.62,1519,0
43.24,1.03,3.27,1513,0
43.29,1.12,3.02,1516,0
51.19,2.34,4.92,1084,1
46.68,1.8,2.93,1388,0
37.5,1.61,2.79,1548,0
47.64,1.19,2.85,1566,0
42.9,0.98,2.64,1532,0
46.93,1.42,3.55,1388,0
57.28,3.25,4.77,1171,1
37.92,1.73,3.32,1513,0
46.53,0.85,2.83,1575,0
58.76,2.96,4.5,1089,1
47.65,1.42,2.41,1483,0
61.33,3.46,5.98,1236,1
44.62,1.18,2.81,1445,0
43.16,1.24,2.68,1346,0
42.59,1.3,3.22,1358,0
67.69,2.69,5.13,1056,1
46.92,1.27,2.95,1452,0
40.22,1.23,2.49,1445,0
44.91,1.72,3.56,1519,0
45.23,1.83,3.23,1565,0
47.77,1.19,3.39,1464,0
47.12,1.2,3.27,1627,0
49.29,1.53,2.65,1525,0
45.54,1.16,3.03,1443,0
61.92,3.56,3.86,1240,1
37.97,1.27,2.55,1486,0
48.89,1.4,2.8,1445,0
44.24,1.12,1.95,1604,0
45.6,1.04,2.26,1529,0
43.52,0.95,2.6,1487,0
39.51,1.25,3.0,1502,0
50.47,1.25,3.41,1620,0
47.87,1.11,3.31,1462,0
44.57,0.98,3.48,1546,0
44.98,1.18,2.97,1381,0
42.31,1.23,3.68,1475,0
41.33,1.58,3.14,1454,0
40.88,1.66,2.9,1655,0
41.29,1.18,3.44,1525,0
41.74,1.42,2.85,1430,0
43.24,1.48,3.42,1506,0
42.66,0.99,2.99,1635,0
42.72,1.18,3.32,1617,0
48.56,1.85,2.72,1477,0
57.25,2.46,4.68,1122,1
43.69,1.83,3.09,1479,0
44.89,0.92,3.28,1483,0
67.84,2.16,4.52,1437,1
45.95,1.56,2.64,1537,0
43.77,1.03,2.94,1502,0
45.96,1.24,3.43,1373,0
44.48,1.28,3.52,1576,0
70.64,3.0,6.33,1340,1
47.3,1.68,2.77,1595,0
40.71,0.97,3.34,1440,0
42.6,1.78,3.82,1465,0
68.78,3.21,4.77,1132,1
41.6,1.53,3.07,1483,0
44.59,1.66,2.53,1652,0
47.54,1.24,3.28,1491,0
40.71,2.26,2.63,1562,0
40.05,1.67,2.6,1515,0
41.84,1.13,3.01,1405,0
46.98,1.38,3.85,1497,0
47.11,1.43,2.77,1578,0
62.54,3.37,4.32,997,1
44.06,1.44,3.18,1359,0
41.8,1.5,2.91,1446,0
48.01,1.6,2.5,1452,0
44.06,1.48,2.88,1402,0
39.53,1.4,2.48,1642,0
49.38,1.66,3.29,1456,0
44.72,1.54,2.42,1445,0
49.55,1.29,2.77,1531,0
40.94,1.03,2.99,1378,0
38.95,1.28,2.82,1508,0
69.57,3.95,5.81,1380,1
44.33,1.44,3.16,1507,0
44.15,1.16,2.86,1470,0
42.43,1.09,2.81,1418,0
48.34,1.32,2.96,1573,0
47.74,1.14,2.98,1520,0
60.64,3.21,3.49,756,1
40.52,1.15,3.35,1495,0
41.2,1.24,3.33,1576,0
49.39,1.24,3.06,1437,0
41.37,1.35,4.03,1422,0
46.99,1.16,3.29,1570,0
58.52,3.84,3.56,1350,1
49.19,1.67,2.59,1342,0
40.2,1.27,3.04,1579,0
36.22,1.37,2.89,1516,0
44.4,1.34,2.58,1346,0
60.25,3.26,4.43,1502,1
47.83,1.26,3.31,1520,0
55.23,2.2,5.23,1315,1
65.83,3.47,4.73,1274,1
49.91,1.69,3.09,1476,0
68.89,3.54,3.54,1309,1
47.94,1.44,2.92,1655,0
41.31,1.21,2.92,1548,0
59.35,3.32,4.87,1186,1
72.63,2.84,5.12,986,1
39.3,1.84,2.67,1509,0
42.91,1.5,3.04,1396,0
73.12,4.22,4.85,1292,1
48.01,1.72,3.51,1412,0
44.31,1.32,2.84,1401,0
45.97,0.88,3.0,1476,0
41.79,1.58,2.99,1553,0
39.61,1.43,2.92,1549,0
41.14,1.09,2.9,1437,0
47.5,0.59,3.0,1488,0
42.95,1.43,3.17,1470,0
45.72,1.03,2.46,1508,0
52.3,1.44,2.96,1432,0
47.65,1.38,2.28,1547,0
59.86,2.48,4.43,1448,1
46.92,1.57,3.05,1457,0
47.09,1.29,2.46,1469,0
65.24,3.17,5.16,1268,1
44.27,0.85,3.0,1572,0
39.5,1.42,2.68,1499,0
57.77,1.5,2.71,1472,0
50.01,1.63,3.14,1478,0
60.15,3.59,3.68,1323,1
47.33,1.91,2.23,1459,0
35.82,1.79,3.09,1572,0
42.0,1.59,2.62,1653,0
49.5,1.41,3.42,1226,0
43.26,1.14,2.56,1545,0
48.68,1.47,3.48,1440,0
40.89,1.77,3.33,1496,0
61.66,2.08,4.24,1415,1
48.19,0.67,2.93,1510,0
45.39,1.64,2.78,1378,0
67.98,3.75,5.18,840,1
44.33,1.35,3.03,1383,0
70.49,3.33,6.06,1103,1
46.2,1.49,3.12,1430,0
48.37,1.01,3.07,1538,0
47.76,1.36,3.68,1355,0
39.62,1.12,3.16,1618,0
41.77,1.71,2.72,1640,0
54.64,2.28,5.39,1153,1
48.08,1.15,2.75,1487,0
46.21,1.54,3.11,1501,0
46.78,1.38,2.3,1555,0
48.75,1.37,2.85,1496,0
51.81,1.15,3.06,1516,0
49.14,1.54,3.06,1447,0
44.72,1.42,2.82,1569,0
41.8,1.31,2.98,1588,0
44.95,1.48,2.72,1646,0
47.16,1.21,3.07,1385,0
38.36,1.32,3.0,1540,0
46.53,1.71,3.04,1482,0
44.76,1.22,2.9,1694,0
43.8,1.43,2.59,1498,0
69.45,3.45,3.7,944,1
43.11,1.04,2.84,1493,0
50.35,1.57,2.9,1452,0
43.92,1.32,2.59,1476,0
50.88,1.57,3.09,1497,0
44.94,1.69,3.0,1570,0
41.87,1.54,2.5,1541,0
58.89,2.51,4.7,1261,1
43.49,1.61,3.15,1570,0
55.61,2.99,3.35,1320,1
42.69,0.86,3.65,1493,0
42.12,1.6,3.23,1484,0
62.77,3.28,3.99,1339,1
42.55,0.91,2.95,1468,0
43.17,1.4,3.44,1510,0
48.57,1.43,2.87,1608,0
41.76,1.51,2.63,1563,0
41.24,1.56,3.56,1515,0
50.81,1.65,3.2,1458,0
51.78,1.55,2.88,1671,0
46.58,1.57,2.83,1413,0
50.31,1.59,2.44,1584,0
50.02,1.21,3.14,1424,0
40.09,1.36,3.24,1565,0
59.31,4.04,5.36,1219,1
44.32,1.02,2.38,1477,0
47.77,1.31,3.31,1558,0
45.49,1.67,2.63,1419,0
46.3,1.34,2.97,1493,0
43.12,1.17,2.74,1564,0
67.08,4.07,5.24,1293,1
74.63,3.53,4.62,1300,1
58.28,2.88,5.15,963,1
42.15,1.32,3.04,1518,0
40.6,1.92,2.59,1566,0
48.52,1.47,3.3,1390,0
44.4,1.31,3.21,1555,0
68.3,3.41,4.4,1174,1
48.04,1.48,2.83,1576,0
41.89,1.63,2.89,1643,0
56.72,3.29,4.88,1231,1
47.53,1.43,2.18,1490,0
71.62,2.68,4.66,871,1
47.08,1.57,2.57,1415,0
44.49,1.12,3.07,1345,0
49.34,1.58,3.22,1611,0
65.31,2.18,3.78,900,1
44.8,1.56,2.92,1554,0
66.54,3.06,5.01,1063,1
45.76,1.48,3.12,1343,0
44.3,0.92,3.08,1469,0
60.75,3.35,5.5,1511,1
53.17,0.94,2.42,1500,0
45.5,1.83,2.93,1450,0
40.27,1.4,2.97,1560,0
40.5,1.65,2.97,1552,0
40.5,1.36,3.06,1573,0
49.69,1.44,3.05,1514,0
45.43,1.63,2.63,1600,0
46.23,1.62,3.19,1487,0
47.06,1.53,3.03,1578,0
59.71,3.23,5.43,1267,1
39.31,1.0,2.91,1673,0
47.89,1.88,3.19,1555,0
47.75,1.34,2.57,1564,0
46.07,1.5,3.08,1494,0
39.08,1.71,2.68,1442,0
46.65,1.55,3.71,1492,0
40.63,1.15,3.09,1640,0
42.57,1.19,3.25,1482,0
35.79,1.32,2.64,1426,0
75.79,2.92,4.8,1350,1
42.39,1.3,2.71,1530,0
66.35,3.65,4.47,1402,1
42.49,1.53,3.1,1406,0
43.8,1.34,2.97,1388,0
47.96,1.5,3.24,1529,0
40.43,1.42,3.06,1437,0
39.31,1.59,2.61,1518,0
45.54,1.24,2.96,1447,0
74.54,4.19,4.99,1687,1
41.83,1.58,3.15,1485,0
54.1,1.93,4.22,1595,1
61.48,3.3,5.31,1446,1
42.19,1.5,2.61,1621,0
43.96,1.46,3.56,1462,0
48.87,1.37,3.36,1508,0
42.94,1.82,3.66,1479,0
59.85,3.41,5.52,1377,1
44.68,0.95,2.81,1580,0
44.08,1.64,3.3,1463,0
42.33,1.37,2.32,1380,0
51.19,1.29,3.04,1366,0
49.16,1.37,2.88,1589,0
42.23,1.45,2.88,1480,0
42.76,1.3,2.48,1445,0
46.6,1.76,3.22,1540,0
45.53,1.69,3.09,1474,0
40.35,1.19,2.97,1506,0
65.5,3.48,3.97,1470,1
44.8,1.14,3.43,1571,0
45.2,1.52,3.02,1542,0
38.92,1.36,3.11,1562,0
43.46,1.87,2.54,1676,0
37.43,1.7,3.26,1542,0
45.84,1.49,2.95,1458,0
64.96,2.59,4.26,1244,1
46.57,1.11,2.43,1490,0
42.23,1.55,3.06,1443,0
49.51,1.5,3.42,1543,0
47.74,1.16,3.18,1556,0
39.27,1.05,2.82,1576,0
47.69,1.19,3.99,1417,0
46.97,1.44,3.12,1579,0
48.5,0.98,2.56,1475,0
50.4,1.35,3.14,1395,0
47.72,1.58,3.21,1402,0
46.53,1.56,3.68,1574,0
50.18,1.48,2.66,1641,0
45.72,1.39,3.46,1533,0
43.73,1.7,3.01,1489,0
40.76,1.46,2.81,1440,0
50.56,2.86,4.63,1023,1
60.41,1.49,2.7,1479,0
40.48,1.5,2.89,1654,0
62.53,2.92,6.15,1379,1
44.25,1.21,2.76,1514,0
52.01,1.31,2.95,1361,0
50.27,1.48,2.69,1341,0
46.47,1.28,3.01,1497,0
44.96,0.9,2.96,1523,0
43.71,1.06,2.85,1525,0
47.26,1.6,2.94,1563,0
43.8,1.37,2.63,1692,0
37.33,1.36,3.13,1568,0
59.42,3.89,5.03,1240,1
45.18,1.28,2.49,1606,0
43.5,1.41,2.89,1482,0
44.95,1.79,2.6,1403,0
46.32,1.24,2.77,1552,0
42.39,1.57,2.15,1553,0
44.35,1.87,2.93,1340,0
44.02,1.62,2.69,1401,0
47.64,1.58,3.48,1511,0
50.41,1.56,3.35,1642,0
43.06,1.22,3.17,1381,0
72.81,3.97,6.39,1286,1
41.67,1.4,3.39,1481,0
42.95,1.07,3.31,1427,0
49.4,1.57,3.73,1599,0
46.24,1.02,2.1,1487,0
41.02,1.53,3.17,1433,0
50.14,1.47,2.92,1516,0
55.58,1.41,3.17,1568,0
45.22,1.47,3.27,1476,0
44.94,1.56,2.92,1424,0
49.8,0.81,2.49,1506,0
40.94,1.02,3.05,1635,0
44.24,1.23,2.78,1402,0
53.36,1.35,2.87,1388,0
40.37,1.35,2.61,1703,0
48.98,1.48,2.96,1367,0
37.53,1.27,3.29,1508,0
46.46,1.63,2.79,1434,0
37.36,1.15,3.05,1664,0
50.51,1.45,3.26,1429,0
49.49,1.39,2.61,1554,0
36.02,1.4,3.06,1437,0
50.64,1.74,2.66,1459,0
51.16,1.62,2.61,1593,0
42.3,1.89,2.36,1551,0
38.32,1.68,3.02,1436,0
46.43,1.68,2.66,1363,0
46.95,1.0,3.54,1483,0
63.68,3.0,4.82,1546,1
44.28,1.29,3.02,1592,0
41.33,1.25,3.29,1489,0
41.44,1.42,3.52,1379,0
63.89,2.6,3.71,1106,1
42.68,1.46,2.37,1488,0
48.08,1.28,3.59,1587,0
59.41,3.19,4.35,1202,1
55.36,1.45,3.11,1519,0
42.47,1.44,2.39,1471,0
50.28,3.09,3.89,1140,1
41.15,1.44,3.02,1481,0
45.78,1.5,3.4,1390,0
38.28,1.48,3.44,1496,0
44.61,1.27,3.18,1499,0
39.43,1.51,2.62,1450,0
48.98,1.35,3.19,1442,0
44.83,1.4,2.87,1377,0
39.37,1.32,3.01,1432,0
55.35,1.35,2.88,1585,0
47.01,1.26,2.39,1579,0
47.11,1.41,3.07,1392,0
60.7,4.19,4.71,1205,1
83.47,2.76,5.49,1144,1
37.76,1.39,2.52,1454,0
42.31,1.59,2.64,1423,0
43.32,1.62,2.75,1576,0
47.3,1.59,2.77,1470,0
47.8,1.6,3.59,1496,0
41.59,1.27,2.93,1445,0
48.16,1.1,3.32,1584,0
51.32,0.78,2.59,1513,0
42.97,1.71,3.1,1416,0
59.67,2.16,4.44,1183,1
71.23,3.1,3.14,1265,1
51.88,1.34,2.75,1405,0
48.18,1.31,3.72,1376,0
44.69,1.47,2.77,1410,0
39.64,1.92,3.4,1526,0
44.41,1.05,2.96,1398,0
51.66,1.32,3.37,1495,0
42.72,1.29,2.92,1399,0
48.46,0.86,2.65,1571,0
50.16,0.92,3.46,1768,0
41.09,1.23,3.2,1549,0
46.34,1.01,3.01,1259,0
48.81,1.29,2.97,1517,0
78.29,2.81,4.67,1197,1
44.18,1.82,3.48,1471,0
64.2,3.37,5.01,1445,1
65.17,2.34,4.92,1041,1
40.77,1.46,2.6,1438,0
50.96,1.51,4.03,1378,0
69.31,2.1,4.6,1508,1
44.86,1.58,3.22,1548,0
52.34,1.69,3.08,1433,0
43.69,1.25,3.05,1425,0
55.05,3.18,5.2,1116,1
44.28,1.36,3.03,1566,0
37.9,1.11,3.11,1470,0
50.42,1.42,3.09,1448,0
40.77,1.47,2.41,1478,0
50.34,1.78,2.79,1440,0
60.86,2.81,2.96,1157,1
44.92,1.95,2.81,1564,0
64.1,3.46,4.64,1518,1
48.45,1.51,2.85,1618,0
70.73,3.97,4.04,1063,1
47.2,1.32,3.14,1323,0
40.89,1.19,2.56,1421,0
41.22,1.28,2.88,1383,0
52.19,1.6,3.01,1511,0
69.31,3.86,4.35,947,1
43.99,1.45,3.04,1529,0
38.94,1.24,3.22,1533,0
44.96,1.6,3.29,1569,0
55.83,2.44,6.07,992,1
45.92,1.45,2.78,1517,0
47.52,1.63,3.11,1463,0
47.63,1.41,3.16,1519,0
71.87,2.73,4.24,1285,1
79.52,2.01,4.65,1565,1
46.84,1.67,2.49,1608,0
46.21,1.57,3.22,1432,0
44.31,1.72,3.11,1585,0
47.74,1.47,3.03,1493,0
62.76,2.34,4.62,1311,1
48.15,1.33,3.4,1489,0
40.07,1.98,3.35,1359,0
65.23,2.31,4.47,672,1
43.02,1.79,3.25,1538,0
44.05,1.46,2.85,1343,0
43.94,1.41,2.93,1414,0
59.95,3.67,5.21,1529,1
48.62,1.43,2.67,1656,0
47.89,1.33,3.03,1372,0
42.25,1.53,2.71,1530,0
46.6,1.09,2.54,1485,0
53.18,1.28,2.84,1534,0
44.77,1.27,2.77,1489,0
51.26,1.2,3.21,1411,0
40.93,1.37,2.87,1603,0
47.58,1.42,3.02,1494,0
40.48,1.67,3.34,1505,0
60.14,3.46,4.34,1371,1
33.41,1.66,2.99,1480,0
63.66,2.22,4.86,1128,1
43.67,1.41,2.93,1515,0
53.27,1.62,2.83,1573,0
48.89,1.2,2.59,1604,0
49.57,1.34,2.79,1567,0
50.44,1.74,2.82,1604,0
76.49,3.38,5.15,1359,1
40.87,1.28,2.97,1478,0
49.24,0.91,3.34,1588,0
41.42,1.97,3.23,1574,0
68.02,3.77,4.15,949,1
40.69,1.63,3.14,1396,0
53.58,1.3,2.61,1473,0
60.61,4.02,4.24,1331,1
50.72,1.26,2.65,1458,0
46.32,1.54,2.77,1516,0
45.76,1.45,3.06,1572,0
46.93,1.16,3.13,1517,0
40.64,1.82,2.88,1592,0
48.32,1.25,2.87,1580,0
45.01,1.63,3.07,1515,0
43.19,1.4,2.42,1375,0
71.77,2.09,4.44,1143,1
50.81,1.78,3.6,1743,0
46.81,1.42,3.5,1362,0
62.22,2.44,5.26,1598,1
50.12,1.61,2.58,1557,0
50.88,1.2,2.29,1494,0
47.05,1.32,2.61,1533,0
45.11,1.1,3.14,1509,0
50.1,1.32,3.12,1496,0
47.72,1.59,2.85,1465,0
46.32,1.33,3.08,1436,0
42.57,1.33,2.32,1435,0
65.76,3.57,5.25,1349,1
45.19,1.36,3.57,1556,0
58.26,4.32,3.64,1294,1
36.97,1.51,2.89,1373,0
40.29,1.37,2.79,1446,0
47.78,1.17,3.36,1528,0
42.68,1.27,3.73,1485,0
51.29,1.67,2.96,1677,0
43.12,0.92,1.83,1628,0
45.48,1.67,2.95,1501,0
65.82,1.51,3.8,1148,1
49.29,1.47,2.89,1480,0
44.47,1.02,3.07,1560,0
41.13,1.47,2.76,1485,0
68.84,2.51,4.35,1126,1
45.77,1.28,3.51,1488,0
49.8,1.6,2.34,1468,0
40.39,1.1,3.02,1599,0
47.97,1.42,3.03,1375,0
41.91,1.15,3.42,1381,0
33.61,1.41,3.2,1477,0
45.31,1.24,3.36,1471,0
42.45,1.02,2.75,1473,0
49.29,1.46,3.19,1401,0
73.83,2.42,4.69,1077,1
41.73,1.44,3.54,1550,0
57.72,2.65,4.87,1317,1
71.13,1.96,4.44,1437,1
66.73,2.53,4.64,1324,1
64.13,2.22,4.16,1332,1
50.4,1.19,2.99,1609,0
48.74,1.51,2.89,1484,0
45.17,1.5,3.03,1537,0
73.75,4.29,4.9,869,1
49.71,0.95,2.7,1468,0
43.63,1.28,3.44,1403,0
46.83,1.31,3.17,1396,0
70.26,3.07,4.6,1299,1
42.8,1.46,3.79,1609,0
65.34,2.16,3.48,1322,1
47.41,1.42,2.41,1552,0
46.2,1.6,2.62,1329,0
45.06,1.31,3.06,1434,0
40.54,1.34,2.52,1342,0
45.57,1.42,2.62,1477,0
49.99,1.31,3.31,1536,0
49.94,1.57,3.21,1563,0
48.26,1.73,2.73,1549,0
66.49,3.08,4.3,1384,1
56.68,1.79,4.92,1272,1
47.58,1.58,3.56,1461,0
44.88,1.25,2.85,1381,0
42.09,0.84,3.43,1429,0
38.99,1.51,3.32,1469,0
51.37,1.65,2.8,1502,0
42.33,1.23,2.19,1559,0
47.62,1.63,3.03,1524,0
45.13,1.61,3.09,1523,0
71.67,3.67,4.08,1389,1
43.28,1.07,3.15,1523,0
46.04,1.65,3.14,1487,0
55.32,1.37,2.73,1523,0
47.48,1.36,2.97,1525,0
42.47,1.41,2.77,1477,0
43.42,1.6,2.8,1471,0
68.2,2.62,4.33,1230,1
44.46,1.55,2.77,1616,0
72.29,2.89,4.46,1541,1
44.26,1.86,3.15,1497,0
33.67,1.31,3.33,1550,0
49.3,1.63,3.0,1446,0
49.76,1.57,2.85,1512,0
46.59,1.12,3.01,1490,0
32.82,1.16,3.38,1599,0
47.21,1.61,2.81,1533,0
59.02,2.83,3.08,1290,1
43.06,0.9,3.15,1471,0
54.46,1.42,2.66,1482,0
44.58,1.38,2.79,1332,0
41.78,1.56,2.67,1555,0
59.62,3.23,4.85,824,1
39.61,1.56,3.01,1500,0
45.07,1.32,2.67,1554,0
40.5,1.24,3.03,1415,0
45.76,1.45,3.48,1419,0
49.31,1.5,2.9,1551,0
40.39,1.32,3.2,1546,0
44.67,1.63,3.29,1555,0
42.17,1.46,2.1,1641,0
49.3,1.4,2.36,1550,0
60.67,2.58,3.86,1131,1
42.68,1.89,2.52,1423,0
36.5,1.4,2.94,1503,0
50.81,1.78,3.09,1626,0
42.37,1.16,2.95,1511,0
47.25,1.33,2.67,1439,0
41.73,1.68,3.23,1488,0
74.15,2.64,3.82,1723,1
39.06,1.36,2.89,1579,0
70.74,3.2,4.8,1205,1
36.7,1.7,2.98,1581,0
44.24,1.6,2.52,1333,0
48.55,1.38,3.42,1488,0
50.8,1.46,3.1,1543,0
59.84,2.72,4.02,1270,1
44.69,1.21,3.05,1446,0
45.0,1.65,2.4,1430,0
45.03,1.77,2.78,1467,0
74.81,2.97,4.18,1386,1
38.66,1.17,2.85,1561,0
44.88,0.93,3.1,1554,0
45.74,1.16,3.5,1532,0
58.55,3.19,3.87,1522,1
47.56,1.8,3.75,1577,0
63.85,1.98,4.85,1307,1
50.67,1.58,2.12,1515,0
38.23,1.71,2.91,1523,0
44.38,1.21,2.67,1455,0
47.07,1.91,2.52,1520,0
57.47,1.11,2.79,1453,0
44.68,1.29,2.92,1507,0
45.78,1.27,2.89,1554,0
90.22,3.68,5.59,1722,1
40.31,1.3,3.47,1531,0
52.85,1.56,3.21,1585,0
46.9,1.48,3.04,1551,0
40.68,1.56,2.8,1350,0
41.08,1.4,2.65,1477,0
70.99,2.6,4.23,1145,1
42.34,1.43,2.84,1517,0
37.77,1.02,3.02,1568,0
64.29,2.7,4.7,1265,1
37.72,1.55,2.69,1492,0
47.46,1.37,2.89,1539,0
41.33,1.6,2.58,1463,0
39.26,1.46,2.26,1588,0
41.13,1.38,2.12,1637,0
44.24,1.41,2.96,1556,0
37.05,1.73,2.82,1621,0
45.78,1.23,2.51,1502,0
40.99,1.65,2.48,1321,0
62.42,3.28,5.08,1492,1
55.14,2.69,3.91,1140,1
47.29,1.26,3.25,1438,0
42.12,1.52,2.81,1436,0
46.81,1.47,2.6,1504,0
72.95,2.58,3.84,1065,1
45.69,1.25,3.62,1550,0
44.26,1.41,3.32,1432,0
42.98,1.36,2.18,1573,0
47.68,1.19,2.4,1568,0
46.9,1.44,2.86,1507,0
48.4,1.33,3.03,1631,0
72.11,3.3,4.63,1099,1
43.43,1.35,3.14,1688,0
44.78,1.63,2.81,1523,0
46.96,1.51,3.04,1649,0
46.68,1.26,2.45,1393,0
46.45,1.41,2.38,1445,0
47.38,1.47,3.73,1502,0
46.37,1.08,3.24,1435,0
46.04,1.32,2.82,1535,0
48.21,1.64,2.84,1445,0
55.11,0.86,2.66,1601,0
51.08,1.46,2.77,1449,0
39.81,1.62,2.89,1442,0
38.57,1.24,3.39,1509,0
46.79,1.51,3.22,1556,0
46.58,0.94,2.68,1543,0
42.5,1.29,3.15,1491,0
54.58,1.61,3.35,1410,0
50.53,1.26,3.17,1340,0
43.88,1.27,2.84,1471,0
42.08,1.4,2.6,1431,0
45.23,1.29,2.9,1491,0
45.69,1.35,3.36,1567,0
44.01,1.69,3.19,1539,0
75.08,2.42,4.64,1140,1
57.37,3.72,4.43,1450,1
52.35,1.5,2.95,1416,0
39.34,1.46,2.8,1454,0
49.58,1.51,3.76,1558,0
54.36,3.7,3.75,1248,1
42.63,1.52,3.38,1532,0
58.3,2.93,4.13,1243,1
42.18,0.67,3.02,1420,0
55.23,1.39,2.62,1661,0
61.35,2.5,4.03,1402,1
47.64,1.42,2.47,1662,0
44.26,1.44,3.5,1406,0
46.53,0.89,2.86,1556,0
43.71,2.05,2.45,1444,0
46.84,1.4,3.48,1623,0
45.02,1.56,3.31,1630,0
45.3,1.44,2.43,1512,0
42.8,1.55,3.15,1402,0
62.55,2.84,4.81,1058,1
48.85,0.96,2.83,1419,0
41.89,1.59,3.09,1482,0
36.6,1.02,2.57,1640,0
52.31,2.81,5.22,934,1
41.71,1.34,2.72,1536,0
40.57,1.42,3.01,1542,0
45.05,1.27,2.82,1472,0
45.59,1.53,2.56,1536,0
68.64,2.48,5.52,1355,1
49.56,1.43,3.33,1514,0
41.74,1.7,3.33,1454,0
49.21,1.31,2.78,1504,0
51.38,1.15,2.86,1585,0
39.88,1.45,3.37,1388,0
42.67,1.64,2.48,1444,0
66.86,2.31,4.2,1220,1
69.3,1.84,4.98,1355,1
59.73,3.08,4.81,1197,1
53.63,2.89,4.59,1581,1
69.1,2.68,3.83,1215,1
75.29,2.98,4.32,927,1
42.55,1.94,3.13,1518,0
46.03,1.48,3.09,1509,0
44.92,1.14,2.73,1660,0
44.21,1.24,2.65,1642,0
49.67,1.31,3.16,1589,0
45.54,1.31,2.92,1537,0
77.57,2.96,3.66,1277,1
47.8,1.53,2.55,1640,0
40.25,1.14,3.04,1599,0
48.21,1.34,3.05,1523,0
77.64,3.55,3.8,1425,1
41.4,1.07,2.68,1561,0
45.94,1.4,3.08,1475,0
44.51,1.74,6.28,1130,1
68.6,2.22,4.8,1331,1
43.92,1.24,2.8,1577,0
47.02,1.55,2.89,1558,0
39.08,1.21,2.79,1437,0
64.25,2.45,4.08,1198,1
72.06,2.35,5.13,1017,1
41.66,1.57,2.88,1589,0
46.28,1.49,2.76,1555,0
48.52,1.68,2.59,1504,0
47.64,1.45,2.76,1634,0
51.81,1.0,3.13,1505,0
47.86,1.4,3.03,1483,0
49.69,1.06,2.79,1409,0
43.06,1.12,2.42,1420,0
44.61,1.39,2.88,1663,0
47.87,1.59,3.22,1541,0
48.53,1.22,3.3,1386,0
37.89,1.39,3.12,1573,0
70.12,3.81,5.01,1243,1
44.35,1.11,3.39,1516,0
46.67,1.18,2.99,1541,0
45.67,1.55,3.1,1486,0
44.41,1.25,3.36,1508,0
44.07,1.52,2.82,1404,0
75.59,3.84,4.33,1141,1
62.36,3.21,4.48,1266,1
46.46,1.36,2.57,1525,0
39.81,1.42,2.32,1455,0
43.74,1.27,2.6,1494,0
38.47,1.27,3.14,1472,0
69.38,3.28,5.05,876,1
43.45,1.84,2.84,1412,0
54.57,1.51,3.2,1355,0
47.03,1.34,3.03,1373,0
64.48,3.43,2.27,1116,1
53.97,2.85,5.21,1109,1
41.57,1.47,3.18,1584,0
44.0,0.81,3.11,1674,0
58.27,2.03,4.45,1163,1
46.18,1.59,3.32,1466,0
40.21,1.19,3.06,1615,0
65.14,3.28,4.97,936,1
42.74,1.57,2.95,1468,0
44.59,1.24,3.52,1517,0
67.51,2.62,3.99,863,1
41.05,1.6,3.03,1457,0
48.73,1.51,2.88,1442,0
46.45,1.64,2.67,1470,0
35.11,1.42,2.58,1469,0
45.2,1.12,2.53,1540,0
45.94,1.11,2.85,1582,0
65.68,2.25,3.93,1199,1
56.9,1.34,4.42,830,1
61.8,2.9,5.05,1400,1
48.86,1.45,2.55,1447,0
68.68,2.68,4.04,1110,1
41.88,1.37,3.81,1586,0
42.48,1.39,3.55,1462,0
65.53,3.57,4.27,1198,1
45.9,1.09,2.69,1379,0
51.85,2.45,3.88,1114,1
41.46,1.56,2.93,1512,0
63.54,3.23,4.46,1404,1
45.09,1.25,3.28,1399,0
75.63,3.74,4.49,1252,1
39.21,1.27,3.59,1654,0
43.21,1.33,3.41,1491,0
73.33,3.51,4.3,1183,1
70.77,3.75,4.15,1009,1
56.27,3.78,5.13,1322,1
38.74,1.25,2.96,1483,0
43.4,1.84,2.56,1531,0
41.79,1.25,3.85,1628,0
37.52,1.43,2.7,1465,0
42.63,1.77,3.56,1520,0
66.79,3.02,5.68,1259,1
40.65,1.65,3.14,1433,0
45.97,1.56,3.04,1497,0
40.8,0.63,2.7,1574,0
48.24,1.86,3.01,1353,0
51.44,1.42,2.77,1516,0
43.68,1.36,2.87,1503,0
42.29,1.64,2.67,1520,0
70.49,2.4,5.15,1369,1
43.93,1.35,3.84,1510,0
43.61,1.21,3.69,1553,0
43.06,1.34,2.72,1501,0
39.25,1.72,2.67,1561,0
80.73,2.37,5.77,1405,1
39.66,1.35,3.46,1520,0
43.77,0.7,2.48,1528,0
42.45,1.72,3.38,1474,0
42.4,1.33,3.13,1509,0
53.24,1.47,3.01,1583,0
46.58,1.34,2.15,1606,0
46.05,1.52,3.42,1520,0
58.54,2.42,4.52,1311,1
45.54,1.45,2.94,1442,0
46.7,1.34,2.99,1571,0
40.25,1.2,3.29,1529,0
50.54,1.09,2.64,1468,0
38.92,1.43,2.67,1503,0
42.01,1.47,2.72,1332,0
72.78,1.71,4.5,1083,1
44.13,1.43,3.19,1449,0
39.51,1.76,2.7,1501,0
47.8,1.77,2.91,1414,0
46.2,1.49,2.82,1425,0
55.29,1.6,3.62,1391,0
43.28,1.28,3.0,1417,0
41.33,1.27,2.52,1480,0
45.06,1.08,2.95,1565,0
47.08,1.05,2.65,1401,0
50.29,1.76,3.08,1509,0
41.57,1.21,3.72,1436,0
38.18,1.76,2.71,1411,0
37.35,1.49,3.54,1422,0
47.5,1.41,2.9,1521,0
44.47,0.89,2.9,1482,0
48.45,1.33,2.9,1399,0
46.3,1.73,2.71,1415,0
44.59,1.85,3.3,1551,0
66.3,3.23,3.27,1126,1
78.2,2.58,4.14,1155,1
64.45,2.32,4.84,1405,1
40.49,2.16,2.56,1489,0
43.07,1.33,2.93,1527,0
44.39,1.43,3.2,1448,0
49.76,1.39,3.02,1604,0
45.76,1.2,3.15,1626,0
40.63,1.2,3.39,1550,0
39.62,1.46,3.15,1528,0
45.62,1.31,3.59,1438,0
46.9,1.28,2.59,1570,0
43.7,1.26,3.26,1593,0
41.21,0.97,2.94,1464,0
52.13,1.8,4.94,1095,1
47.83,1.19,3.21,1534,0
42.94,1.32,3.01,1374,0
45.48,1.39,3.16,1479,0
51.43,1.37,2.45,1437,0
50.75,3.71,4.11,893,1
42.54,1.22,2.94,1554,0
41.64,1.42,3.01,1495,0
50.17,1.59,3.59,1400,0
60.92,3.26,4.9,1224,1
39.01,1.67,2.93,1451,0
45.64,1.29,2.28,1560,0
38.92,1.02,3.36,1400,0
59.98,3.12,3.57,1494,1
46.23,1.63,3.04,1521,0
36.05,1.19,2.54,1477,0
49.65,1.45,2.59,1534,0
55.9,3.24,3.55,1271,1
42.15,1.42,3.03,1491,0
43.65,1.55,3.08,1542,0
55.86,4.24,4.34,1504,1
37.64,1.21,3.09,1487,0
65.94,2.96,5.12,1332,1
52.49,1.09,2.32,1376,0
41.95,0.96,2.69,1392,0
53.31,1.54,3.19,1553,0
36.13,1.36,3.0,1430,0
48.86,1.15,3.03,1456,0
42.22,1.26,3.2,1376,0
43.75,0.95,3.28,1350,0
45.3,1.44,3.06,1556,0
41.7,0.66,2.93,1357,0
47.19,1.24,3.95,1490,0
43.87,1.43,3.14,1635,0
46.85,1.43,2.77,1557,0
43.89,1.58,3.05,1351,0
71.17,3.04,5.45,1222,1
42.6,1.69,3.21,1620,0
40.3,1.82,2.58,1612,0
42.88,1.31,2.79,1695,0
43.72,1.61,3.13,1551,0
41.64,1.24,2.67,1502,0
52.76,1.74,3.41,1645,0
71.69,3.77,4.24,1427,1
44.43,1.31,3.71,1479,0
47.32,1.57,3.64,1597,0
44.75,1.02,2.87,1519,0
46.12,1.24,3.1,1535,0
45.13,1.23,3.36,1532,0
64.4,3.46,4.27,1188,1
50.64,1.74,3.14,1431,0
54.24,2.99,4.22,1088,1
47.31,1.44,3.85,1590,0
59.73,2.85,5.02,1249,1
71.34,3.45,5.04,807,1
43.53,1.48,3.51,1450,0
43.87,1.64,3.31,1478,0
66.33,3.36,4.65,1203,1
48.93,1.34,2.68,1512,0
50.98,1.69,2.32,1289,0
62.71,1.39,4.33,1099,1
49.63,1.44,2.76,1423,0
49.6,1.15,2.63,1527,0
47.99,1.31,2.88,1566,0
46.9,1.41,2.18,1499,0
51.98,1.34,2.75,1651,0
38.67,0.99,2.64,1582,0
44.58,1.46,3.23,1393,0
44.39,1.73,3.07,1387,0
42.14,1.6,3.41,1553,0
44.17,1.09,2.94,1453,0
49.28,1.73,3.34,1480,0
45.28,0.93,3.31,1489,0
51.2,1.2,2.97,1545,0
71.42,3.36,3.97,1051,1
40.84,1.19,2.54,1372,0
46.8,1.52,2.44,1479,0
48.75,1.2,3.75,1519,0
66.02,2.02,6.19,1345,1
47.13,1.21,3.53,1560,0
41.97,1.85,3.23,1626,0
42.53,1.66,2.96,1643,0
42.42,1.31,3.2,1594,0
49.98,3.31,6.03,1203,1
47.49,1.17,3.44,1573,0
56.23,3.28,3.93,1194,1
45.71,1.5,2.72,1630,0
39.99,1.43,2.37,1466,0
54.76,3.33,5.37,1164,1
48.99,1.91,2.92,1445,0
42.88,1.65,2.73,1397,0
39.37,1.78,3.11,1538,0
44.49,1.63,2.39,1430,0
62.27,3.64,4.58,1168,1
40.24,1.1,3.11,1518,0
45.84,1.42,2.43,1392,0
41.76,1.32,2.94,1545,0
44.45,1.36,2.99,1438,0
39.58,1.42,3.24,1554,0
40.55,1.76,2.42,1550,0
47.06,1.39,3.25,1506,0
42.64,1.25,3.64,1441,0
39.92,1.52,2.77,1578,0
44.59,1.41,2.71,1597,0
47.02,1.44,2.64,1478,0
40.09,1.38,3.12,1459,0
49.05,1.29,2.68,1561,0
46.25,1.01,2.97,1381,0
47.4,1.55,3.66,1416,0
48.83,1.22,2.95,1480,0
58.21,3.49,5.02,1459,1
44.85,1.44,2.94,1256,0
40.43,1.57,3.24,1328,0
39.59,1.54,3.4,1428,0
46.19,1.63,2.89,1581,0
48.0,1.26,3.16,1633,0
63.74,3.41,5.17,1137,1
38.46,1.68,2.4,1498,0
45.15,1.41,3.55,1442,0
54.25,2.54,5.47,1460,1
57.58,2.53,5.54,1513,1
64.0,2.73,3.92,1298,1
41.59,1.46,3.47,1628,0
42.88,1.1,2.91,1561,0
46.88,1.37,2.58,1594,0
49.85,1.24,3.18,1473,0
47.93,1.59,3.14,1437,0
64.57,2.28,5.05,1092,1
43.78,1.8,2.89,1455,0
46.75,1.57,3.1,1492,0
44.84,1.62,3.38,1449,0
69.39,2.12,4.97,1397,1
43.04,1.35,3.28,1512,0
49.85,1.57,2.6,1416,0
44.67,1.44,3.59,1442,0
53.2,1.12,2.94,1427,0
48.89,1.56,2.49,1436,0
40.33,1.18,2.95,1460,0
61.31,2.92,4.64,1188,1
45.85,1.04,2.96,1471,0
51.68,1.21,3.11,1528,0
47.02,1.38,1.88,1409,0
37.83,1.58,3.32,1627,0
44.75,1.52,2.81,1406,0
56.57,2.85,3.97,1287,1
42.5,1.78,3.38,1692,0
53.27,1.5,3.6,1469,0
52.74,1.39,2.72,1384,0
47.15,1.47,3.11,1440,0
42.13,1.61,3.04,1535,0
45.7,1.32,3.24,1502,0
73.23,1.97,3.58,1359,1
46.99,1.48,2.51,1481,0
48.93,0.9,2.63,1575,0
43.87,0.97,3.23,1444,0
45.62,1.27,3.18,1498,0
46.61,1.3,3.17,1546,0
46.84,0.7,3.29,1460,0
43.29,1.69,2.79,1520,0
44.06,1.81,3.17,1426,0
52.77,1.17,2.58,1576,0
41.76,1.78,2.78,1511,0
56.28,2.3,4.26,1033,1
67.84,3.58,5.06,1315,1
51.82,1.33,2.66,1408,0
45.32,1.53,2.95,1447,0
48.72,1.35,2.71,1576,0
76.69,2.55,4.34,1129,1
49.92,1.6,3.17,1499,0
76.17,2.34,3.9,1092,1
57.8,2.82,4.8,1234,1
68.36,1.89,4.69,1420,1
42.06,1.69,3.5,1383,0
45.42,1.56,2.59,1485,0
59.95,2.15,4.24,827,1
44.98,1.64,3.28,1432,0
37.35,1.52,3.1,1454,0
50.86,1.35,2.93,1408,0
46.73,1.21,3.07,1492,0
49.66,1.33,3.39,1447,0
37.38,1.63,2.86,1554,0
47.0,1.47,2.55,1424,0
46.8,1.82,3.38,1498,0
44.39,0.82,3.14,1540,0
43.23,1.63,2.74,1710,0
45.77,1.21,2.91,1532,0
50.31,1.39,2.36,1597,0
68.08,2.2,4.67,1700,1
43.74,1.01,2.71,1502,0
47.81,1.5,2.83,1544,0
48.58,1.69,2.89,1550,0
39.39,1.06,3.03,1444,0
39.06,1.42,2.84,1573,0
51.69,1.29,3.24,1506,0
47.93,1.22,2.28,1444,0
66.07,3.73,4.18,1546,1
45.08,1.14,2.9,1396,0
41.82,1.49,3.66,1469,0
37.73,1.52,2.5,1458,0
43.08,1.53,3.05,1670,0
48.17,1.12,3.71,1457,0
40.06,1.53,3.05,1595,0
59.04,3.26,4.48,1352,1
50.61,1.5,3.24,1428,0
55.88,1.34,2.91,1579,0
71.74,3.29,5.61,1277,1
59.42,1.51,5.46,1124,1
43.13,1.66,2.96,1505,0
55.15,3.4,3.56,1236,1
44.54,1.73,3.13,1415,0
54.01,1.54,2.82,1455,0
62.71,2.85,4.17,1012,1
46.29,1.02,2.88,1569,0
65.13,3.54,4.31,1105,1
47.18,1.4,3.02,1400,0
68.97,3.42,4.08,1556,1
38.62,1.28,3.0,1526,0
66.94,3.02,3.65,1082,1
47.51,1.28,3.0,1469,0
44.26,0.94,2.92,1456,0
50.99,1.06,3.56,1379,0
78.83,3.16,4.18,1158,1
42.53,1.22,3.02,1584,0
45.74,1.54,3.18,1416,0
49.84,1.09,3.65,1476,0
47.47,1.02,2.9,1507,0
62.47,2.06,5.44,1382,1
45.18,1.55,2.41,1497,0
43.58,1.14,3.4,1529,0
47.89,1.55,3.3,1503,0
41.29,1.51,3.35,1493,0
44.43,1.35,3.47,1538,0
64.09,2.93,5.15,1122,1
63.13,2.97,4.58,1126,1
47.69,1.25,3.37,1495,0
45.13,0.85,2.67,1427,0
49.87,1.25,3.28,1494,0
59.57,3.09,4.89,1444,1
40.44,1.55,3.24,1637,0
74.39,3.79,5.07,1239,1
44.88,1.51,3.06,1574,0
39.51,1.32,3.59,1495,0
41.38,1.18,2.89,1352,0
43.35,1.45,3.13,1510,0
44.76,1.02,2.63,1443,0
38.42,1.67,2.7,1494,0
46.72,1.69,2.86,1473,0
41.47,1.34,2.52,1523,0
48.5,3.13,4.17,1284,1
50.78,1.38,3.13,1620,0
41.88,1.38,2.77,1460,0
48.35,1.46,2.97,1532,0
47.17,1.26,3.14,1526,0
60.47,2.27,5.37,1103,1
45.08,1.54,2.58,1398,0
47.92,1.3,2.47,1520,0
41.68,1.76,2.94,1434,0
73.49,3.2,4.4,1715,1
48.59,1.32,3.0,1438,0
45.03,1.73,2.94,1502,0
48.24,1.48,2.22,1473,0
42.42,1.07,2.81,1534,0
49.72,1.65,2.51,1454,0
51.84,1.19,3.26,1640,0
44.6,1.07,2.58,1641,0
45.73,1.48,2.63,1350,0
41.49,1.67,3.1,1543,0
60.85,3.19,3.96,1304,1
43.01,1.67,3.19,1473,0
42.41,1.5,2.83,1518,0
47.81,1.42,3.33,1434,0
56.12,2.45,5.0,1453,1
44.72,1.39,3.08,1496,0
67.88,1.34,4.88,1137,1
49.24,1.26,3.22,1498,0
42.44,1.65,2.52,1562,0
41.36,1.53,3.7,1461,0
70.83,2.71,5.0,1077,1
44.29,1.66,2.99,1442,0
69.46,3.25,3.82,1247,1
43.52,1.19,3.44,1692,0
68.64,2.91,2.99,1344,1
50.11,1.17,2.67,1566,0
52.4,3.55,4.16,959,1
70.54,2.86,5.79,1168,1
42.37,1.57,3.7,1522,0
73.91,2.9,4.45,1106,1
45.43,1.61,3.22,1438,0
45.31,1.74,2.27,1525,0
66.11,3.3,4.05,1613,1
78.19,3.0,5.62,1172,1
43.96,1.69,3.08,1487,0
71.91,2.27,4.58,1480,1
45.05,1.8,2.49,1632,0
34.53,1.21,3.36,1449,0
69.73,2.49,5.0,1182,1
39.85,1.49,2.81,1458,0
48.34,1.56,2.75,1412,0
44.98,1.7,2.4,1482,0
58.91,2.9,2.99,1304,1
64.34,3.11,5.39,1102,1
45.89,1.23,2.87,1434,0
42.17,1.42,2.82,1584,0
41.7,1.74,3.28,1503,0
37.11,1.29,2.52,1428,0
48.87,1.61,3.28,1494,0
41.07,1.31,2.5,1555,0
77.57,3.62,4.24,1300,1
55.82,3.33,4.69,1285,1
61.03,2.08,4.18,1318,1
33.24,1.58,2.66,1410,0
48.0,0.97,2.79,1500,0
47.55,1.18,3.07,1512,0
46.07,1.44,3.59,1549,0
52.19,1.69,3.37,1477,0
47.45,1.77,2.97,1492,0
52.48,1.06,2.76,1529,0
44.33,1.49,3.17,1530,0
45.92,1.26,3.48,1451,0
39.96,1.42,2.61,1611,0
44.12,1.5,3.29,1580,0
40.59,1.25,3.53,1452,0
68.21,3.04,4.71,1169,1
47.01,1.67,3.14,1639,0
47.44,1.36,3.12,1628,0
74.93,3.43,5.0,1269,1
46.24,1.39,3.39,1555,0
45.58,1.21,2.44,1405,0
76.65,4.16,4.7,1362,1
60.04,3.62,4.18,1395,1
55.22,3.22,5.73,888,1
72.24,3.33,4.76,1448,1
47.16,1.59,2.78,1554,0
39.1,0.99,3.17,1468,0
48.12,1.55,3.31,1643,0
37.02,1.56,2.69,1486,0
34.87,1.54,2.32,1492,0
46.39,1.26,3.4,1610,0
42.98,1.1,3.43,1430,0
47.37,1.39,3.09,1384,0
37.2,1.44,3.21,1508,0
42.02,1.63,3.17,1563,0
48.8,1.63,2.96,1534,0
41.56,1.51,2.84,1593,0
52.59,1.58,2.74,1536,0
39.94,1.28,3.13,1534,0
41.45,1.22,2.58,1587,0
43.77,1.77,3.1,1604,0
58.7,3.23,4.01,1294,1
47.67,1.15,2.39,1522,0
46.83,1.46,2.53,1383,0
42.37,1.54,3.9,1609,0
61.54,3.21,4.52,1335,1
62.43,4.0,4.87,1081,1
66.03,2.75,5.17,1201,1
43.63,1.49,2.72,1513,0
49.62,1.38,2.4,1560,0
46.23,1.11,3.14,1646,0
47.72,1.43,2.81,1588,0
47.37,1.23,2.31,1455,0
36.66,1.69,2.79,1396,0
51.61,1.56,3.07,1537,0
39.02,1.54,3.09,1612,0
39.77,1.19,3.14,1544,0
51.01,1.52,3.05,1401,0
49.23,0.96,2.57,1333,0
51.42,1.31,2.98,1321,0
50.56,1.08,2.76,1524,0
47.23,1.29,2.71,1465,0
41.14,1.61,2.85,1356,0
44.28,1.51,3.09,1509,0
39.34,0.8,2.89,1481,0
66.18,3.63,5.11,1247,1
46.45,1.12,3.37,1407,0
48.58,1.32,2.59,1580,0
42.93,1.3,3.62,1418,0
39.54,1.97,3.09,1346,0
39.16,1.7,3.52,1560,0
66.2,3.88,5.66,1567,1
43.68,1.27,2.95,1587,0
44.01,1.44,2.71,1688,0
40.38,1.42,2.67,1615,0
49.39,1.16,2.26,1513,0
63.02,1.15,3.79,1067,1
42.45,1.52,3.25,1492,0
47.35,1.09,2.59,1422,0
42.03,1.26,2.62,1537,0
40.16,1.03,2.91,1613,0
41.29,1.54,3.44,1425,0
63.72,2.64,4.4,1053,1
45.29,1.38,3.45,1502,0
65.91,3.39,3.59,1061,1
64.29,3.3,5.25,1368,1
78.24,3.5,4.48,1496,1
43.24,1.39,3.04,1469,0
58.95,3.27,5.67,1202,1
43.35,1.9,3.61,1602,0
52.73,1.32,3.4,1353,0
47.46,1.16,3.02,1438,0
55.29,2.82,5.14,1038,1
48.14,1.28,2.94,1648,0
40.97,1.34,2.92,1452,0
68.57,2.9,3.89,1240,1
46.86,1.12,2.85,1571,0
39.6,1.42,3.17,1527,0
47.43,1.84,2.81,1550,0
67.24,3.57,4.5,1034,1
49.23,1.52,3.47,1391,0
49.04,3.47,4.57,1264,1
46.07,1.82,2.68,1433,0
46.39,1.57,2.82,1471,0
39.6,1.04,2.75,1393,0
69.78,2.54,3.92,1107,1
48.7,1.24,3.28,1524,0
45.01,1.41,3.02,1582,0
47.17,1.33,3.01,1457,0
47.66,1.4,3.34,1532,0
41.38,1.21,3.2,1563,0
50.18,1.71,1.83,1497,0
34.88,1.19,2.98,1432,0
46.56,1.37,2.86,1471,0
44.13,1.25,3.3,1515,0
37.69,1.11,2.57,1516,0
41.96,1.0,3.13,1395,0
68.79,4.0,3.66,1080,1
45.94,1.22,2.83,1473,0
42.03,0.83,3.28,1475,0
65.9,1.78,4.97,1373,1
51.54,0.92,3.03,1568,0
45.37,1.57,2.79,1444,0
46.78,1.69,2.97,1510,0
41.06,1.24,2.79,1488,0
50.61,1.72,2.41,1454,0
41.27,1.26,3.33,1570,0
61.69,3.39,4.85,1304,1
56.89,3.86,4.55,1020,1
43.76,0.9,2.59,1392,0
42.28,1.41,3.56,1571,0
38.76,1.36,3.07,1533,0
49.35,1.55,2.68,1490,0
45.4,0.93,2.42,1524,0
43.37,1.4,3.08,1432,0
70.54,3.19,3.59,1381,1
47.65,1.39,2.7,1570,0
42.67,1.4,2.87,1491,0
49.33,1.83,3.42,1523,0
46.35,1.38,3.28,1506,0
44.96,1.78,2.94,1382,0
44.19,1.69,2.67,1516,0
43.35,1.59,2.93,1587,0
47.07,1.49,3.06,1464,0
39.34,1.11,3.42,1544,0
40.4,1.11,3.12,1513,0
48.16,1.93,2.74,1523,0
47.07,1.17,2.92,1497,0
39.6,1.52,2.9,1489,0
42.67,1.24,2.95,1466,0
44.79,1.28,2.78,1586,0
44.3,1.53,2.91,1397,0
45.88,1.47,3.07,1479,0
50.68,0.99,2.93,1585,0
47.64,1.42,3.23,1337,0
44.17,0.76,2.73,1659,0
46.24,1.35,3.35,1571,0
46.18,1.23,3.29,1361,0
49.09,1.3,2.74,1379,0
41.31,1.62,3.77,1578,0
39.48,1.45,2.49,1512,0
42.82,1.35,3.42,1513,0
46.92,1.48,3.19,1511,0
41.65,1.72,3.11,1559,0
44.75,1.11,2.62,1463,0
43.0,1.6,2.74,1534,0
50.32,0.88,2.63,1563,0
66.06,2.0,4.02,1464,1
67.86,2.95,5.33,964,1
48.24,1.25,2.41,1588,0
51.88,1.34,3.63,1419,0
42.49,1.19,2.66,1526,0
74.53,3.14,4.07,1174,1
45.58,1.41,3.77,1547,0
43.87,1.39,3.14,1497,0
49.63,1.36,3.29,1306,0
49.19,1.4,3.22,1455,0
48.77,1.1,3.01,1540,0
44.26,1.36,3.1,1339,0
46.36,1.43,2.97,1577,0
47.79,1.36,2.69,1539,0
46.94,1.07,3.37,1547,0
52.65,1.36,3.36,1552,0
40.58,1.41,2.76,1537,0
38.83,2.14,2.37,1556,0
40.48,1.55,3.13,1597,0
62.96,2.87,4.82,1114,1
42.39,1.72,2.59,1544,0
52.62,2.75,5.19,1289,1
50.47,1.78,2.58,1670,0
48.06,1.26,2.89,1567,0
45.99,1.54,2.11,1439,0
73.34,2.84,4.25,1164,1
46.79,1.15,3.07,1478,0
45.41,1.34,2.89,1531,0
43.45,0.89,3.35,1500,0
49.44,1.4,3.33,1464,0
38.89,1.72,2.78,1425,0
37.38,1.02,3.25,1342,0
50.92,1.16,3.3,1401,0
39.1,1.18,3.33,1430,0
38.31,1.35,3.56,1560,0
52.62,1.23,2.34,1661,0
37.89,1.29,2.4,1542,0
43.8,1.24,3.17,1446,0
66.54,3.78,4.83,1382,1
61.08,2.77,4.07,1193,1
43.06,1.07,2.86,1557,0
65.78,3.42,5.1,1134,1
44.82,1.17,2.9,1553,0
59.78,3.09,4.01,917,1
46.3,1.63,3.0,1469,0
41.85,1.73,3.69,1501,0
50.32,1.14,3.32,1461,0
66.61,2.67,4.31,1456,1
66.55,2.24,3.47,974,1
52.28,1.33,3.27,1555,0
45.66,1.46,2.55,1501,0
65.53,2.92,3.77,1355,1
44.5,1.49,3.03,1499,0
58.89,3.66,4.75,1343,1
44.08,1.01,2.99,1537,0
50.42,1.44,3.34,1543,0
43.78,1.15,3.03,1460,0
40.72,1.38,3.35,1519,0
41.36,1.1,2.58,1408,0
42.24,1.34,2.74,1413,0
56.64,3.09,4.45,1456,1
56.58,2.83,4.34,1078,1
45.27,1.15,3.5,1485,0
48.81,1.1,3.38,1583,0
45.8,1.57,3.39,1548,0
46.34,1.16,2.58,1560,0
73.76,2.99,4.15,1327,1
48.8,1.54,3.02,1547,0
45.61,1.49,3.47,1526,0
48.51,1.31,2.89,1396,0
67.98,4.0,3.54,1196,1
70.45,2.48,4.62,1096,1
43.57,1.36,2.67,1456,0
44.12,1.7,2.78,1503,0
43.56,1.18,3.53,1464,0
86.02,2.6,4.13,1139,1
46.7,1.74,3.09,1481,0
62.78,3.88,5.43,1302,1
51.01,1.29,3.03,1587,0
45.19,1.58,2.95,1448,0
49.02,1.59,2.57,1634,0
46.69,1.6,2.92,1511,0
66.75,2.45,4.12,1149,1
75.46,3.33,3.04,931,1
44.33,1.79,2.66,1487,0
42.48,1.32,3.55,1429,0
52.03,1.33,2.94,1451,0
60.66,3.11,3.93,1275,1
47.59,1.71,3.02,1387,0
62.21,3.16,5.08,1269,1
41.13,1.87,3.19,1551,0
49.51,1.43,2.93,1554,0
47.26,1.59,2.89,1449,0
43.76,1.45,3.1,1636,0
77.45,2.18,4.35,1243,1
38.14,1.7,2.93,1628,0
56.94,1.44,3.29,1515,0
47.0,1.57,2.65,1531,0
44.47,1.47,2.91,1470,0
34.79,1.43,2.75,1448,0
48.94,1.35,2.69,1537,0
43.46,1.11,2.95,1489,0
45.84,1.6,3.41,1362,0
46.8,1.64,2.91,1619,0
44.92,1.73,3.22,1472,0
42.7,1.26,3.09,1501,0
43.08,1.85,2.68,1493,0
43.78,1.27,3.03,1440,0
43.53,1.25,3.73,1514,0
48.65,1.41,2.89,1564,0
40.35,1.74,2.71,1560,0
48.04,1.68,3.28,1606,0
46.15,1.54,3.3,1554,0
64.73,4.49,3.77,1419,1
43.45,1.72,3.21,1395,0
37.23,1.12,2.88,1460,0
39.84,1.6,3.69,1531,0
46.22,1.5,3.24,1491,0
82.71,3.74,4.07,1089,1
44.54,1.82,3.23,1421,0
63.63,2.41,4.68,1451,1
42.72,1.99,3.07,1377,0
49.91,1.14,2.65,1527,0
50.47,1.39,3.36,1501,0
41.61,1.57,3.0,1481,0
46.47,0.95,3.19,1374,0
47.72,1.44,2.72,1435,0
42.14,1.34,2.82,1507,0
54.27,1.65,3.27,1460,0
30.6,1.16,3.08,1400,0
46.85,1.44,2.64,1352,0
43.16,1.47,3.06,1452,0
45.45,1.51,3.29,1444,0
70.98,3.62,5.03,1150,1
47.21,1.2,3.02,1364,0
46.69,1.27,2.69,1458,0
35.79,1.78,3.14,1490,0
47.98,1.06,3.03,1404,0
46.79,1.09,3.05,1384,0
63.26,2.29,4.6,1416,1
42.94,1.11,3.01,1434,0
37.96,1.7,3.33,1695,0
60.81,3.0,4.65,1463,1
40.69,1.95,2.99,1373,0
45.67,1.66,3.1,1492,0
44.74,1.54,2.95,1445,0
40.28,1.47,2.66,1517,0
69.63,3.39,4.79,1272,1
43.75,1.4,2.91,1449,0
48.63,1.31,3.14,1675,0
67.11,3.63,3.9,1266,1
50.61,1.32,2.9,1666,0
63.1,3.06,3.62,1432,1
43.5,0.78,3.53,1473,0
45.89,1.24,3.62,1409,0
36.03,1.38,3.13,1525,0
60.72,3.06,4.17,1205,1
38.43,1.3,3.46,1426,0
61.5,2.49,4.09,1266,1
44.11,1.46,3.91,1493,0
45.39,1.59,2.81,1349,0
62.81,3.32,3.22,1275,1
49.47,1.44,3.32,1437,0
48.99,1.28,2.5,1481,0
42.43,1.33,3.26,1429,0
47.35,1.36,2.93,1561,0
47.6,1.67,2.96,1463,0
47.15,1.71,2.56,1539,0
52.46,1.45,2.76,1569,0
72.36,3.79,3.51,1347,1
43.35,1.53,2.58,1460,0
44.45,1.46,3.14,1406,0
44.25,1.18,2.49,1530,0
41.67,1.46,3.1,1429,0
47.78,1.38,2.54,1466,0
44.75,1.17,2.62,1427,0
63.26,3.45,4.06,1295,1
71.7,3.93,4.68,1300,1
42.05,1.48,3.15,1459,0
43.43,1.51,2.74,1477,0
44.87,1.15,2.92,1591,0
56.07,3.54,3.46,935,1
64.48,3.87,3.92,1454,1
44.4,2.03,3.24,1435,0
41.5,1.52,2.38,1562,0
48.25,1.33,3.17,1676,0
46.82,1.54,2.73,1244,0
45.64,1.48,3.27,1577,0
50.68,1.07,2.72,1532,0
80.6,2.61,3.74,1461,1
52.59,1.51,3.1,1514,0
51.43,1.71,3.0,1628,0
45.65,1.44,3.43,1512,0
44.33,1.12,3.19,1592,0
43.4,1.58,3.61,1638,0
43.05,1.52,2.47,1442,0
46.65,1.16,3.01,1491,0
38.66,1.23,3.27,1499,0
44.85,1.42,3.22,1639,0
54.82,1.43,3.09,1576,0
41.14,1.43,3.35,1451,0
45.98,1.52,2.86,1583,0
45.96,1.52,2.97,1541,0
69.95,1.43,3.97,982,1
59.85,2.9,4.26,1295,1
67.55,2.43,5.53,1154,1
42.84,1.59,3.18,1634,0
44.92,1.15,2.92,1514,0
51.63,2.62,3.73,1354,1
46.97,1.28,3.38,1556,0
49.42,1.04,3.37,1433,0
40.64,1.2,2.85,1539,0
43.93,1.46,3.26,1618,0
62.36,3.41,4.04,1129,1
37.99,1.45,3.52,1550,0
49.73,1.98,2.72,1465,0
45.16,1.68,3.27,1521,0
39.09,1.18,2.96,1518,0
46.27,1.44,2.58,1569,0
48.23,1.7,2.75,1564,0
39.83,1.32,3.14,1467,0
52.68,2.03,4.91,1259,1
44.45,1.46,2.78,1483,0
42.58,1.32,3.35,1515,0
46.19,1.27,2.77,1415,0
51.96,1.37,2.72,1429,0
60.37,3.26,5.37,1533,1
60.56,3.77,4.56,1113,1
53.35,1.58,3.08,1480,0
43.01,1.17,2.96,1577,0
43.34,1.37,3.07,1490,0
45.57,1.35,2.8,1658,0
48.69,1.51,2.67,1445,0
46.73,1.75,4.04,1542,1
44.78,1.34,3.16,1636,0
60.88,3.08,4.4,1112,1
42.09,1.25,3.26,1509,0
39.97,1.75,3.06,1501,0
51.91,1.41,2.82,1489,0
44.06,1.24,3.2,1546,0
41.1,1.55,2.78,1510,0
42.61,1.6,3.34,1508,0
39.26,1.9,2.75,1496,0
57.98,3.44,3.66,1290,1
50.05,1.46,3.16,1501,0
49.41,1.6,2.87,1523,0
50.9,1.26,2.5,1623,0
44.23,1.15,3.64,1544,0
40.8,1.12,2.7,1458,0
77.74,2.95,4.11,629,1
36.29,1.5,2.69,1495,0
42.4,0.75,3.01,1484,0
49.2,1.25,2.39,1396,0
49.23,1.28,3.03,1571,0
45.22,1.42,2.84,1421,0
43.37,1.63,3.58,1479,0
53.3,1.58,2.83,1471,0
42.77,1.68,2.72,1472,0
44.48,1.54,3.18,1256,0
50.4,1.5,2.7,1488,0
48.37,1.38,3.02,1472,0
48.59,1.29,3.06,1526,0
41.83,1.56,3.33,1480,0
44.93,1.5,2.26,1605,0
43.22,1.14,2.85,1551,0
36.74,1.51,3.33,1510,0
50.1,1.9,3.17,1438,0
44.38,1.53,3.68,1576,0
38.69,1.38,2.79,1643,0
43.43,1.56,3.29,1552,0
38.68,0.88,3.0,1486,0
43.44,1.08,2.9,1411,0
46.33,1.26,3.15,1486,0
45.64,1.17,2.8,1484,0
74.78,3.1,6.16,1402,1
47.84,1.05,2.41,1572,0
43.78,1.53,3.64,1420,0
48.35,1.16,3.21,1555,0
41.64,1.48,2.31,1532,0
51.91,1.85,3.04,1538,0
46.78,1.38,3.3,1416,0
49.43,1.14,3.51,1423,0
43.55,1.35,2.56,1461,0
64.31,3.98,3.51,1112,1
43.05,1.3,3.78,1603,0
45.25,1.47,3.08,1488,0
46.82,1.54,2.53,1417,0
41.89,1.59,3.05,1623,0
44.75,1.53,3.2,1495,0
46.87,1.64,3.16,1467,0
47.96,1.43,2.69,1401,0
32.92,1.59,3.32,1605,0
48.53,1.57,3.28,1495,0
48.82,1.58,2.86,1667,0
45.34,1.51,2.04,1503,0
51.29,1.83,2.61,1477,0
67.47,3.48,5.07,1373,1
47.12,1.3,3.48,1352,0
40.51,1.38,2.47,1519,0
40.61,1.34,3.26,1576,0
52.59,1.94,3.09,1565,0
53.37,1.91,2.73,1413,0
63.59,3.52,4.22,1183,1
61.57,2.84,3.64,1510,1
42.69,1.44,3.06,1444,0
45.86,1.12,3.33,1513,0
47.04,1.29,2.68,1483,0
50.0,1.6,2.48,1566,0
50.44,1.57,2.91,1550,0
72.53,3.06,4.28,1066,1
49.29,1.57,3.07,1420,0
41.03,1.35,3.44,1422,0
66.92,2.68,4.66,813,1
53.76,1.6,2.56,1374,0
39.83,1.53,2.34,1489,0
72.02,2.58,5.9,1319,1
43.65,1.35,3.03,1519,0
46.66,1.02,3.1,1665,0
44.4,0.83,3.0,1405,0
47.5,1.41,2.91,1461,0
37.92,1.29,3.57,1550,0
46.87,1.61,2.76,1548,0
40.32,1.48,2.52,1512,0
43.71,1.36,2.82,1410,0
42.52,1.6,2.54,1549,0
45.59,1.22,3.39,1471,0
44.45,1.38,2.91,1425,0
37.79,1.52,3.14,1460,0
41.41,0.98,3.58,1442,0
53.04,3.05,4.97,1610,1
44.65,1.37,1.95,1557,0
44.83,1.25,3.46,1532,0
43.37,1.4,3.01,1490,0
41.23,1.16,3.09,1419,0
44.12,1.77,3.29,1430,0
48.28,1.93,2.75,1449,0
42.9,1.34,2.89,1590,0
46.88,1.31,2.78,1277,0
42.13,1.7,3.36,1478,0
41.13,1.8,3.31,1509,0
42.55,1.28,2.66,1489,0
49.83,1.14,3.15,1429,0
47.92,1.45,2.92,1531,0
48.0,2.85,4.58,1340,1
51.54,1.31,3.18,1702,0
74.83,3.2,4.6,1502,1
33.28,2.01,2.8,1333,0
43.34,1.21,2.71,1563,0
62.17,3.05,3.14,1290,1
63.08,2.34,4.21,1074,1
71.72,2.68,4.05,1384,1
42.44,1.48,2.75,1515,0
42.05,1.39,2.65,1600,0
51.39,1.05,2.97,1465,0
51.11,1.94,2.72,1555,0
38.93,1.87,2.7,1581,0
43.17,1.53,3.48,1496,0
49.94,1.55,3.71,1446,0
66.71,2.5,3.95,1111,1
42.26,1.21,2.63,1359,0
36.01,1.53,3.13,1516,0
45.56,1.64,2.74,1508,0
39.08,1.72,3.18,1456,0
46.16,1.51,3.5,1441,0
43.97,1.4,3.03,1374,0
41.3,1.43,2.45,1464,0
46.31,1.37,2.98,1628,0
74.71,1.35,3.88,1114,1
48.22,2.71,5.21,931,1
44.24,1.07,3.17,1443,0
47.43,1.75,3.4,1591,0
40.9,1.75,2.8,1580,0
50.49,1.66,2.4,1382,0
48.46,1.3,4.1,1649,0
46.92,1.58,2.73,1571,0
45.87,0.94,2.76,1575,0
61.89,2.41,4.58,1258,1
37.32,1.16,2.94,1528,0
43.89,1.41,3.12,1451,0
50.85,1.62,2.98,1446,0
44.5,1.44,2.94,1583,0
53.42,1.49,2.88,1376,0
46.46,1.1,3.07,1577,0
49.03,1.06,3.3,1645,0
47.67,1.27,2.99,1549,0
62.65,3.21,3.73,1169,1
45.29,1.25,3.14,1495,0
42.53,0.98,3.81,1501,0
42.88,1.11,2.65,1598,0
39.06,1.68,3.36,1525,0
48.85,1.63,3.33,1517,0
44.51,1.06,2.94,1435,0
41.91,1.77,2.51,1548,0
69.31,3.21,4.04,1402,1
75.98,3.39,4.24,1276,1
66.88,3.15,4.49,1110,1
40.72,1.36,2.97,1587,0
42.93,0.81,2.88,1456,0
42.46,1.39,2.36,1550,0
58.21,3.69,4.64,1266,1
44.77,1.27,2.72,1478,0
49.68,1.13,2.67,1531,0
42.79,1.45,2.36,1550,0
52.55,1.59,2.8,1498,0
42.42,1.24,2.71,1379,0
48.7,1.55,2.97,1393,0
53.23,1.37,3.06,1508,0
40.98,1.42,2.88,1543,0
49.99,1.7,3.42,1555,0
46.15,1.31,2.9,1551,0
48.82,1.43,3.02,1598,0
45.64,1.53,2.17,1655,0
71.73,2.82,4.9,1291,1
45.5,1.19,2.63,1530,0
42.38,1.47,3.23,1375,0
60.76,2.64,5.51,1516,1
46.75,1.92,2.63,1528,0
60.11,1.6,4.04,1353,1
46.32,1.65,2.1,1584,0
68.37,3.0,5.76,1138,1
45.39,1.14,2.34,1578,0
51.68,0.83,2.35,1552,0
48.22,1.51,2.96,1560,0
72.11,3.31,4.33,1336,1
46.95,1.4,2.71,1633,0
50.66,0.76,3.0,1463,0
47.06,1.13,3.58,1481,0
46.47,1.32,3.84,1495,0
41.61,1.33,2.89,1526,0
40.88,0.94,3.43,1375,0
76.17,2.99,4.63,1484,1
45.11,1.71,3.25,1514,0
55.72,4.05,4.22,1728,1
49.12,1.01,3.14,1563,0
51.47,1.81,2.75,1521,0
43.94,1.59,3.2,1369,0
44.05,1.52,3.81,1411,0
50.39,1.08,3.14,1471,0
41.98,1.68,2.72,1473,0
41.59,0.9,2.93,1435,0
41.31,1.44,3.08,1449,0
45.93,1.2,2.93,1621,0
53.84,1.52,3.41,1636,0
70.52,2.94,3.64,1215,1
44.52,1.2,2.86,1481,0
58.79,2.45,4.41,1288,1
66.7,2.67,5.57,1337,1
45.23,1.95,2.81,1374,0
46.25,1.36,3.27,1549,0
48.2,0.98,2.51,1590,0
63.15,3.57,4.34,1072,1
37.01,1.09,3.09,1643,0
46.48,1.29,3.52,1444,0
41.56,1.72,3.8,1457,0
58.27,3.17,4.65,1351,1
50.63,1.24,3.13,1612,0
42.25,2.19,3.3,1503,0
45.52,1.71,2.53,1514,0
50.46,1.03,3.02,1393,0
47.22,1.29,3.45,1505,0
45.83,1.46,3.31,1507,0
47.66,1.24,3.21,1633,0
46.35,1.05,2.84,1335,0
41.74,1.72,2.97,1578,0
38.68,1.2,3.07,1520,0
48.26,1.32,3.94,1417,0
39.89,1.72,3.09,1420,0
46.21,1.42,3.0,1364,0
43.09,1.58,2.62,1557,0
44.71,1.69,3.32,1633,0
48.44,1.45,3.14,1374,0
45.44,1.03,3.1,1495,0
45.8,1.38,3.16,1525,0
44.05,1.26,2.6,1435,0
47.28,1.22,2.95,1572,0
49.87,1.77,3.15,1545,0
47.83,1.96,3.87,1469,0
44.76,0.87,3.15,1497,0
43.8,1.1,2.71,1578,0
43.27,1.68,2.38,1517,0
43.03,0.7,3.07,1465,0
52.53,1.33,3.47,1596,0
44.9,1.05,2.89,1468,0
40.28,1.52,2.87,1413,0
46.84,1.33,3.43,1488,0
51.36,1.53,3.33,1442,0
43.97,1.96,2.67,1464,0
47.91,1.11,3.18,1546,0
63.33,2.31,3.32,1481,1
44.77,1.36,2.73,1531,0
51.48,3.22,4.99,1226,1
46.97,1.18,2.71,1539,0
41.55,1.93,3.48,1453,0
80.46,3.23,3.57,1345,1
44.24,1.45,3.0,1514,0
35.0,1.26,3.44,1294,0
49.09,1.17,3.03,1663,0
54.21,1.98,3.55,1591,0
53.74,1.3,2.87,1495,0
68.42,1.94,4.53,1171,1
47.57,1.33,3.42,1583,0
42.01,1.12,2.73,1451,0
57.32,1.95,3.39,1486,0
47.17,1.15,3.15,1416,0
43.14,1.87,3.35,1483,0
44.58,1.16,2.67,1557,0
39.38,1.48,3.08,1538,0
62.98,1.87,4.24,1301,1
62.81,2.7,4.47,1287,1
44.22,1.27,3.42,1474,0
62.92,2.25,4.94,975,1
44.75,1.31,3.05,1518,0
47.59,1.11,2.44,1476,0
41.82,0.78,2.93,1468,0
47.93,1.15,2.94,1558,0
49.8,1.47,2.95,1590,0
43.94,1.44,3.63,1603,0
47.75,0.89,3.15,1555,0
73.09,2.97,4.18,1217,1
63.55,2.77,4.07,1317,1
43.17,1.86,3.16,1535,0
38.47,1.43,3.0,1460,0
46.56,1.74,3.84,1465,0
54.23,1.22,2.81,1678,0
64.8,3.08,5.67,1118,1
40.28,1.25,3.18,1401,0
43.86,1.63,2.63,1456,0
37.13,1.41,2.45,1384,0
67.64,2.33,3.55,1529,1
50.18,1.33,2.66,1514,0
40.26,1.57,2.71,1441,0
44.14,1.09,3.1,1399,0
46.71,1.41,2.94,1445,0
44.49,1.32,2.48,1534,0
47.74,1.44,3.3,1576,0
71.57,2.55,3.88,1198,1
43.46,1.73,2.88,1584,0
42.94,1.28,3.24,1502,0
47.87,1.36,2.97,1415,0
45.19,1.45,2.69,1503,0
51.62,1.27,3.35,1423,0
39.61,1.47,2.87,1605,0
39.48,1.48,3.39,1381,0
45.1,1.16,3.26,1494,0
54.26,0.99,3.01,1348,0
64.07,2.95,4.84,1323,1
38.99,1.43,2.69,1608,0
43.12,0.9,2.72,1481,0
63.18,2.49,5.09,1301,1
66.45,2.39,4.52,1453,1
47.21,1.66,3.35,1502,0
68.21,2.36,5.01,1202,1
68.1,3.55,4.71,1312,1
75.91,2.37,4.41,1347,1
43.14,1.34,2.34,1555,0
73.16,2.36,4.49,1249,1
41.75,1.23,2.94,1582,0
51.42,1.15,2.57,1512,0
49.08,1.19,3.09,1503,0
41.28,1.7,3.41,1500,0
43.56,0.91,3.04,1576,0
51.8,1.31,3.5,1600,0
40.61,1.38,2.95,1438,0
48.45,1.46,2.8,1625,0
62.46,3.19,4.37,1593,1
44.09,1.29,2.6,1575,0
34.5,1.7,2.53,1486,0
64.83,3.45,4.85,1419,1
55.88,2.39,4.41,1416,1
45.35,1.55,3.13,1426,0
38.1,1.26,3.09,1503,0
45.51,1.35,3.15,1432,0
36.52,1.22,2.63,1417,0
51.09,1.8,3.11,1479,0
43.1,1.34,3.17,1402,0
47.22,1.8,3.13,1569,0
43.43,1.45,2.92,1334,0
44.7,1.28,3.77,1675,0
45.9,1.77,3.06,1265,0
46.67,0.81,2.91,1495,0
45.21,1.33,2.48,1458,0
43.66,1.19,2.51,1626,0
48.6,1.89,2.94,1544,0
58.72,3.92,5.06,1601,1
43.76,1.33,3.26,1503,0
41.58,1.55,2.75,1500,0
43.38,1.38,2.84,1460,0
38.38,1.64,3.1,1494,0
46.5,1.41,2.83,1442,0
43.46,1.19,2.65,1473,0
67.11,2.36,5.36,1346,1
46.4,1.68,2.65,1640,0
66.3,4.23,4.99,1213,1
46.09,1.32,2.8,1572,0
40.21,1.43,2.32,1448,0
38.5,1.43,2.25,1361,0
45.92,1.71,2.66,1528,0
47.87,1.79,2.92,1409,0
44.74,1.41,2.9,1564,0
47.65,1.43,2.91,1577,0
42.23,1.66,3.51,1550,0
46.82,1.16,3.11,1447,0
46.49,1.13,3.19,1589,0
39.44,1.82,3.12,1494,0
56.98,1.61,5.05,1368,1
44.5,0.83,2.64,1468,0
39.14,1.58,3.26,1475,0
44.08,1.46,3.15,1474,0
44.31,1.02,2.85,1468,0
63.51,3.0,3.65,1103,1
48.78,1.45,2.83,1491,0
50.26,1.83,3.08,1554,0
55.4,3.31,4.69,1588,1
41.91,1.11,2.51,1480,0
40.5,1.13,2.46,1523,0
40.48,1.43,2.94,1484,0
51.01,1.33,2.47,1530,0
62.0,4.11,3.63,1313,1
44.75,1.26,3.02,1460,0
63.09,2.85,4.96,1229,1
46.25,1.85,2.58,1472,0
50.05,1.47,3.02,1606,0
45.37,1.36,3.19,1637,0
50.79,1.42,3.21,1377,0
40.06,1.1,3.13,1508,0
67.25,2.02,3.37,1295,1
45.01,1.64,2.89,1461,0
69.28,3.58,3.38,1471,1
46.23,1.26,3.29,1486,0
51.71,1.2,3.16,1411,0
53.38,1.64,2.63,1637,0
49.58,1.56,2.53,1478,0
35.74,1.53,3.16,1559,0
46.62,1.64,2.51,1504,0
48.53,1.28,3.25,1529,0
50.57,1.3,2.89,1556,0
44.16,1.14,3.11,1518,0
57.08,2.09,4.23,1390,1
47.15,1.54,2.91,1386,0
54.47,1.63,3.04,1340,0
40.69,1.41,2.43,1616,0
40.22,1.65,2.29,1595,0
41.04,1.32,2.49,1534,0
40.66,1.01,3.14,1516,0
47.19,1.47,3.09,1615,0
45.16,1.23,3.13,1558,0
49.71,1.59,2.72,1601,0
57.05,2.9,4.33,1013,1
40.4,1.37,2.54,1551,0
43.52,1.01,2.83,1556,0
48.9,1.17,3.27,1572,0
41.77,1.04,2.71,1552,0
59.28,3.9,4.0,1303,1
44.16,1.38,2.73,1474,0
41.08,1.46,3.36,1551,0
50.55,1.19,2.55,1490,0
45.74,1.1,2.78,1601,0
40.11,1.62,3.91,1587,0
46.55,1.59,2.95,1573,0
49.72,1.26,2.49,1455,0
47.4,1.25,2.59,1427,0
40.63,1.61,3.19,1535,0
51.25,1.26,3.27,1607,0
45.57,0.9,2.69,1536,0
59.96,3.79,4.19,1084,1
44.89,1.32,2.87,1490,0
44.27,1.13,3.43,1455,0
44.65,1.59,3.45,1578,0
48.4,1.95,3.36,1446,0
46.59,1.39,3.68,1509,0
65.79,2.75,5.33,1102,1
47.79,1.37,3.09,1355,0
75.91,2.53,4.96,1150,1
43.62,1.31,2.97,1467,0
43.66,1.38,2.93,1441,0
45.96,2.06,2.75,1566,0
53.81,2.14,2.94,1153,1
44.88,1.56,2.44,1397,0
77.7,2.21,4.27,1096,1
49.21,1.88,3.13,1548,0
43.79,1.48,2.8,1454,0
38.44,0.78,3.45,1511,0
48.54,1.75,3.85,1484,0
44.33,1.6,2.21,1537,0
84.3,1.61,4.17,1226,1
44.01,1.57,3.3,1430,0
46.63,0.96,3.37,1491,0
42.63,1.51,3.16,1561,0
45.64,1.29,2.98,1410,0
38.19,1.39,2.93,1501,0
33.34,1.75,3.15,1414,0
44.79,1.59,3.05,1429,0
48.02,1.53,2.69,1399,0
45.78,1.41,3.16,1519,0
52.59,2.73,4.47,1141,1
61.46,3.93,4.89,953,1
41.5,1.54,3.29,1410,0
43.7,1.93,3.09,1468,0
44.51,1.82,3.05,1477,0
43.9,1.58,3.18,1562,0
38.77,1.84,2.69,1537,0
38.1,1.49,2.19,1586,0
60.79,2.63,3.98,1289,1
44.62,1.6,2.59,1535,0
41.94,1.54,3.57,1645,0
48.84,0.79,3.4,1499,0
50.35,1.58,2.73,1577,0
59.88,2.54,4.85,1317,1
42.5,1.08,2.61,1487,0
44.15,1.26,3.04,1474,0
63.76,3.07,3.22,1319,1
49.11,1.43,2.47,1637,0
69.42,3.18,4.62,1276,1
63.21,2.94,3.64,1048,1
61.73,2.82,4.53,1377,1
45.33,1.01,2.87,1453,0
40.59,1.59,3.49,1434,0
51.09,1.15,3.07,1334,0
42.78,1.64,2.25,1446,0
42.88,1.36,2.99,1431,0
39.06,1.25,2.98,1509,0
48.06,1.37,2.97,1503,0
43.34,1.3,2.9,1567,0
51.9,1.23,2.94,1465,0
45.9,1.54,3.36,1372,0
42.88,1.57,3.26,1499,0
52.06,1.46,3.4,1447,0
58.66,2.45,4.79,1057,1
39.54,1.38,3.26,1511,0
49.12,0.98,3.24,1560,0
45.2,1.71,3.26,1603,0
52.09,1.26,2.77,1398,0
48.18,1.57,2.75,1471,0
62.4,2.54,4.26,1113,1
41.73,1.85,3.01,1552,0
41.11,1.64,2.39,1620,0
45.79,1.57,2.65,1499,0
73.85,2.72,3.89,1358,1
54.28,3.46,4.55,1069,1
48.4,0.98,3.22,1573,0
50.68,1.23,2.74,1570,0
70.26,2.67,4.39,1331,1
53.99,2.46,3.85,1083,1
49.18,1.22,3.46,1442,0
48.0,1.74,2.22,1434,0
50.26,1.58,2.76,1509,0
49.09,1.63,2.81,1457,0
45.18,1.26,2.93,1526,0
41.2,1.36,2.67,1593,0
46.24,1.36,2.99,1406,0
44.97,1.56,3.25,1522,0
46.4,1.29,2.73,1541,0
66.12,3.07,4.91,1473,1
43.26,1.14,2.51,1648,0
48.52,1.47,2.84,1375,0
73.63,3.48,4.95,1175,1
41.43,1.58,3.18,1604,0
64.55,3.2,5.58,1482,1
42.95,1.35,2.93,1575,0
50.85,1.06,3.28,1618,0
66.34,2.56,3.53,1132,1
44.38,1.33,2.97,1451,0
75.8,2.86,4.79,1673,1
39.52,1.56,3.46,1498,0
44.67,1.45,2.64,1620,0
46.99,1.6,3.1,1477,0
51.81,1.5,3.27,1570,0
42.81,1.59,3.26,1445,0
42.81,1.58,2.56,1520,0
61.49,3.27,4.03,1552,1
40.17,1.86,3.71,1496,0
48.94,1.76,3.04,1440,0
66.95,3.28,3.43,1168,1
71.81,2.12,5.22,1245,1
46.46,1.29,3.63,1498,0
69.6,2.92,3.34,1133,1
49.3,1.34,2.97,1562,0
59.07,3.18,4.54,1014,1
49.88,1.39,3.15,1526,0
57.13,3.49,5.07,1259,1
42.86,1.51,2.89,1498,0
42.75,1.36,2.68,1375,0
63.32,3.16,3.95,1392,1
45.0,0.66,2.85,1352,0
57.82,3.64,3.87,1301,1
56.68,3.07,4.0,1319,1
59.75,1.85,5.05,1350,1
48.32,1.23,3.52,1437,0
52.81,1.56,2.98,1389,0
42.21,1.59,3.26,1443,0
43.42,1.16,2.92,1356,0
48.29,1.32,2.8,1507,0
42.6,0.99,3.59,1588,0
65.42,3.47,5.17,1300,1
67.83,2.88,5.26,1338,1
48.95,1.84,3.17,1513,0
62.43,2.55,3.4,1489,1
43.72,1.76,4.26,1475,0
49.43,1.33,3.33,1413,0
50.28,0.91,3.38,1384,0
38.8,1.44,3.72,1455,0
58.65,3.0,5.47,1043,1
46.74,1.39,3.24,1514,0
50.48,1.16,2.64,1502,0
68.09,3.49,3.54,1164,1
45.46,1.09,2.81,1565,0
45.58,1.35,2.79,1563,0
65.41,2.62,5.47,1552,1
49.97,1.38,3.53,1602,0
46.35,1.51,3.54,1489,0
47.92,1.44,3.32,1546,0
38.55,1.51,3.21,1541,0
68.2,2.32,4.49,1120,1
34.15,1.12,2.81,1528,0
40.71,1.62,3.39,1503,0
52.97,1.5,2.82,1424,0
41.48,0.72,2.96,1449,0
43.74,1.23,2.67,1419,0
45.06,1.72,3.48,1628,0
43.57,1.46,3.44,1581,0
51.69,1.41,2.72,1497,0
45.63,2.11,3.03,1662,0
48.91,1.45,2.92,1554,0
44.32,1.64,2.92,1382,0
52.0,1.62,2.97,1524,0
52.02,1.64,3.39,1541,0
59.45,3.89,4.98,1321,1
47.69,1.79,3.12,1396,0
48.93,1.75,2.95,1527,0
47.43,1.4,2.75,1462,0
45.04,1.3,2.53,1405,0
41.74,1.72,3.18,1583,0
44.63,1.75,2.6,1605,0
48.99,1.47,2.55,1474,0
48.57,1.61,2.82,1588,0
72.17,1.27,5.24,1247,1
50.71,1.3,3.23,1484,0
60.05,3.41,3.98,1517,1
47.95,1.52,2.86,1609,0
38.98,1.12,2.51,1403,0
46.53,1.33,3.04,1605,0
52.31,2.93,4.5,1381,1
52.4,1.95,2.25,1478,0
45.76,1.29,2.82,1512,0
44.65,1.75,2.94,1478,0
65.62,2.49,3.98,1177,1
70.92,3.86,5.15,1262,1
46.21,1.59,3.05,1504,0
45.0,1.86,3.05,1422,0
69.14,2.97,5.57,1070,1
36.67,1.58,2.68,1678,0
48.02,1.24,2.79,1514,0
39.28,1.25,3.14,1501,0
71.77,2.64,4.67,1302,1
44.23,1.51,3.96,1390,0
69.42,2.24,4.3,1285,1
43.4,1.26,2.68,1396,0
43.52,1.89,2.96,1488,0
50.07,1.29,3.18,1337,0
43.39,1.5,2.91,1625,0
61.85,2.78,6.41,1240,1
69.45,2.61,3.12,1406,1
65.0,2.75,5.01,1297,1
38.97,1.35,2.81,1486,0
42.53,1.66,2.38,1698,0
50.74,1.8,3.25,1312,0
44.37,0.98,2.96,1635,0
46.79,1.8,3.39,1494,0
42.13,1.85,3.0,1590,0
51.6,1.16,3.17,1464,0
46.58,1.38,3.3,1597,0
45.27,1.45,2.97,1477,0
51.24,1.12,3.43,1459,0
44.01,1.43,4.08,1569,0
41.54,1.19,3.01,1413,0
43.36,1.32,3.07,1563,0
55.53,1.72,2.65,1587,0
40.28,1.48,2.19,1559,0
42.05,1.67,2.28,1640,0
61.92,3.38,5.29,1399,1
49.95,1.39,2.97,1504,0
34.75,1.21,3.6,1311,0
41.91,1.69,2.84,1382,0
51.56,1.62,2.22,1360,0
52.64,1.29,3.33,1513,0
43.67,1.43,2.6,1515,0
60.3,3.46,4.75,1155,1
33.51,1.32,2.86,1537,0
44.82,1.26,2.74,1440,0
42.23,1.17,2.98,1467,0
60.75,2.81,5.09,1555,1
43.63,1.38,3.09,1446,0
41.14,1.64,2.99,1516,0
80.71,3.68,4.22,1049,1
42.68,1.53,3.24,1539,0
42.59,1.55,3.15,1495,0
39.98,0.99,3.13,1451,0
43.77,1.32,3.38,1522,0
49.27,1.54,3.02,1439,0
41.77,1.49,3.26,1512,0
43.05,1.32,3.43,1607,0
65.68,2.77,4.23,1544,1
42.63,1.66,3.17,1457,0
71.58,2.97,4.01,1222,1
44.26,1.11,3.04,1524,0
47.61,1.32,2.26,1358,0
46.36,1.33,2.89,1616,0
45.78,1.35,3.01,1465,0
45.09,1.51,3.28,1399,0
43.01,1.38,3.08,1567,0
47.73,1.62,2.83,1549,0
61.52,4.15,5.29,1257,1
49.82,1.0,3.18,1623,0
43.53,1.25,3.1,1304,0
65.85,3.4,4.63,1102,1
67.98,3.03,5.31,1480,1
48.3,1.46,2.3,1561,0
45.75,1.38,3.42,1453,0
48.62,1.23,3.09,1496,0
46.72,0.87,3.11,1576,0
44.08,1.15,3.24,1653,0
66.84,4.05,6.03,976,1
45.15,0.94,2.81,1541,0
40.13,1.7,2.85,1454,0
47.02,1.53,3.32,1589,0
49.56,1.37,2.24,1424,0
40.97,1.46,2.91,1629,0
64.96,3.17,4.02,1114,1
41.64,1.43,2.67,1599,0
58.92,3.08,4.77,1575,1
44.98,1.01,3.16,1431,0
47.55,1.22,2.92,1579,0
46.51,1.49,2.76,1401,0
41.8,1.17,2.74,1465,0
51.55,1.12,2.92,1515,0
45.78,1.45,3.43,1513,0
56.74,1.66,2.67,1552,0
44.56,1.35,3.24,1511,0
47.49,1.35,3.55,1535,0
39.46,1.23,2.35,1484,0
49.4,1.45,3.51,1589,0
57.38,1.82,4.77,1321,1
41.93,1.35,2.92,1543,0
44.21,1.28,2.56,1434,0
44.04,1.5,2.08,1545,0
47.06,1.85,3.02,1454,0
52.67,1.8,2.82,1516,0
46.52,1.69,3.02,1534,0
60.83,4.11,5.44,1305,1
42.58,1.23,2.91,1460,0
42.56,1.79,3.07,1471,0
43.86,1.33,3.39,1475,0
46.21,1.61,2.84,1649,0
45.88,1.3,3.15,1664,0
51.56,4.09,4.47,1148,1
68.61,3.04,4.69,1275,1
45.5,1.24,3.11,1495,0
41.2,1.25,2.74,1544,0
37.82,1.43,2.62,1591,0
42.48,1.57,2.71,1582,0
46.73,1.6,2.86,1429,0
39.12,1.22,2.65,1571,0
47.8,1.42,2.85,1446,0
38.24,1.27,3.43,1542,0
50.52,1.62,3.14,1489,0
43.95,1.18,2.88,1465,0
45.08,1.53,3.27,1396,0
43.16,1.35,2.89,1446,0
56.04,1.28,2.88,1707,0
42.24,1.13,2.47,1437,0
41.4,1.31,3.43,1555,0
75.49,3.43,5.07,899,1
47.62,1.61,3.15,1509,0
47.44,1.57,3.48,1627,0
48.27,1.25,3.13,1392,0
47.37,1.82,3.15,1499,0
64.5,3.16,4.52,1547,1
43.92,1.54,3.07,1434,0
41.44,1.26,2.62,1381,0
44.1,1.79,2.79,1599,0
47.02,1.36,2.95,1621,0
45.35,1.24,3.82,1426,0
52.65,1.72,3.01,1614,0
45.78,1.36,3.39,1476,0
45.72,1.55,2.91,1676,0
39.6,1.58,3.51,1544,0
47.46,1.24,2.72,1388,0
48.54,1.68,3.29,1482,0
62.67,2.1,3.77,973,1
45.12,1.85,2.87,1486,0
74.44,1.77,5.28,1166,1
40.74,1.31,3.02,1353,0
44.05,1.13,3.22,1426,0
70.19,2.94,4.51,1135,1
36.29,1.24,3.26,1639,0
64.95,2.4,4.41,1368,1
64.76,2.52,4.2,1306,1
70.69,2.6,4.08,1125,1
40.22,1.34,2.64,1473,0
58.12,2.43,6.24,1110,1
43.45,1.82,2.91,1495,0
43.66,1.8,3.03,1439,0
49.37,1.77,2.58,1483,0
44.75,1.5,2.92,1586,0
65.66,2.84,4.84,1041,1
41.84,1.15,3.49,1380,0
43.79,1.4,2.36,1566,0
43.14,1.61,2.62,1524,0
40.14,1.82,3.27,1416,0
45.03,1.27,3.76,1538,0
50.45,1.07,3.34,1401,0
42.07,1.42,2.79,1452,0
40.92,1.36,3.2,1566,0
41.18,1.35,3.62,1455,0
37.26,1.35,3.14,1472,0
61.91,3.29,5.49,1312,1
43.86,1.4,2.56,1584,0
42.55,1.52,2.79,1548,0
52.47,1.44,3.04,1451,0
44.09,1.12,3.35,1556,0
38.77,1.7,3.24,1636,0
46.99,1.17,3.05,1525,0
41.28,1.31,2.75,1520,0
46.63,1.44,2.63,1510,0
42.58,1.98,3.11,1507,0
49.37,1.13,2.94,1482,0
79.22,2.06,4.31,1136,1
52.61,1.5,3.65,1525,0
42.48,1.16,3.04,1459,0
51.09,1.54,3.15,1487,0
45.88,1.19,2.7,1471,0
62.4,2.1,3.33,1462,1
73.17,2.41,4.04,1255,1
44.94,1.54,3.38,1491,0
63.04,4.18,4.47,1421,1
41.2,1.46,2.52,1293,0
71.92,1.61,6.05,1155,1
41.64,1.43,3.07,1414,0
67.72,3.63,3.42,1466,1
49.48,1.06,3.34,1415,0
44.87,1.6,3.09,1417,0
43.16,1.34,3.22,1564,0
69.07,3.37,3.96,1321,1
53.21,3.36,5.57,1163,1
40.48,1.56,3.34,1487,0
49.2,1.74,3.19,1507,0
43.98,1.01,2.77,1514,0
53.2,2.51,4.61,1312,1
43.68,1.17,2.82,1414,0
45.8,1.39,3.48,1427,0
47.88,1.25,3.18,1403,0
41.62,1.42,2.94,1599,0
39.31,1.55,3.33,1557,0
51.56,1.33,3.18,1542,0
40.85,1.62,3.06,1603,0
45.86,1.53,3.76,1650,0
47.5,1.25,2.81,1699,0
50.79,1.05,2.64,1438,0
53.09,1.53,2.65,1508,0
43.46,1.68,3.44,1452,0
51.73,0.8,3.49,1577,0
41.42,1.22,2.95,1514,0
53.19,1.57,2.81,1416,0
45.51,1.34,3.25,1448,0
68.03,2.07,5.03,1092,1
50.55,1.09,3.01,1476,0
46.05,1.27,3.18,1527,0
41.98,1.23,2.79,1357,0
48.68,1.44,2.66,1564,0
48.88,1.74,2.84,1466,0
58.98,2.62,3.73,1024,1
43.46,1.29,2.92,1583,0
40.78,1.31,3.39,1542,0
36.31,2.14,3.22,1434,0
49.67,1.94,3.56,1552,0
45.0,1.23,3.52,1548,0
42.07,1.37,3.34,1347,0
47.13,1.46,3.37,1492,0
44.11,1.41,3.13,1523,0
47.03,1.8,2.56,1403,0
47.12,1.41,3.28,1389,0
49.24,1.44,2.92,1558,0
46.02,1.4,3.05,1496,0
41.11,1.28,2.74,1550,0
47.97,1.22,2.43,1549,0
55.55,2.71,4.23,1637,1
71.19,3.17,5.15,1245,1
46.23,1.49,2.74,1477,0
44.64,1.07,3.25,1469,0
45.07,1.31,2.63,1416,0
49.82,1.13,3.28,1643,0
45.61,1.56,3.83,1527,0
49.03,1.2,3.25,1430,0
50.91,1.19,3.51,1410,0
48.67,1.11,3.36,1510,0
56.66,2.16,5.39,1222,1
68.31,3.51,4.75,1141,1
48.61,1.7,2.94,1555,0
45.71,1.83,3.07,1475,0
46.68,1.47,2.91,1391,0
46.12,1.5,3.48,1639,0
46.69,1.9,3.63,1514,0
47.51,1.12,3.6,1486,0
45.39,0.9,3.33,1414,0
51.85,1.39,3.33,1481,0
38.54,1.38,2.06,1385,0
71.94,3.83,4.55,1384,1
45.49,1.51,2.67,1634,0
47.99,1.02,3.03,1468,0
62.14,2.55,4.87,1483,1
47.06,1.72,2.55,1477,0
44.12,0.92,2.6,1373,0
75.76,2.39,5.47,1293,1
40.68,0.9,3.84,1631,0
45.46,1.11,3.09,1562,0
44.35,1.03,2.7,1583,0
73.9,3.2,6.23,1122,1
42.76,1.06,2.73,1502,0
47.73,1.39,3.39,1409,0
42.75,1.74,3.05,1599,0
45.74,1.28,2.91,1593,0
49.45,1.09,4.05,1528,0
42.99,1.47,3.51,1546,0
54.16,1.37,3.69,1313,0
52.67,1.48,3.68,1441,0
39.18,0.91,2.82,1478,0
44.37,1.24,3.5,1522,0
44.78,1.76,2.65,1524,0
43.48,1.12,3.51,1663,0
42.75,1.87,2.89,1515,0
45.1,1.15,2.96,1406,0
45.87,1.72,2.56,1590,0
66.17,2.99,5.18,1246,1
48.67,1.35,3.18,1426,0
40.41,1.54,2.77,1562,0
45.26,1.89,2.76,1510,0
48.04,1.13,2.71,1524,0
44.28,1.58,2.82,1540,0
40.22,0.95,3.06,1568,0
73.27,3.55,4.84,1211,1
46.04,1.91,3.19,1419,0
43.1,1.81,2.99,1534,0
64.28,2.96,4.59,1060,1
54.84,2.47,3.33,1110,1
39.85,1.63,2.77,1494,0
44.7,1.35,2.74,1435,0
69.6,3.45,5.37,1449,1
48.37,1.43,3.24,1428,0
42.55,1.41,2.85,1542,0
52.5,1.49,3.05,1590,0
45.24,1.33,2.38,1414,0
46.6,1.52,2.99,1557,0
46.44,1.12,3.16,1380,0
42.72,1.44,3.56,1525,0
52.52,1.44,3.24,1549,0
44.65,1.45,3.64,1631,0
49.64,1.45,3.08,1480,0
47.79,1.13,3.86,1538,0
44.55,1.51,3.1,1657,0
43.87,1.09,3.04,1500,0
44.27,1.34,3.32,1328,0
47.4,1.07,2.37,1334,0
70.56,3.04,3.68,1423,1
39.09,1.64,3.02,1558,0
41.91,1.81,3.09,1483,0
42.05,1.49,3.16,1546,0
59.81,2.63,4.41,988,1
43.65,1.34,3.52,1624,0
43.96,1.36,3.27,1462,0
50.16,0.72,2.89,1498,0
44.1,1.5,2.76,1548,0
53.53,1.15,2.99,1384,0
74.25,3.71,3.99,1378,1
45.34,1.44,2.96,1619,0
44.62,1.38,3.2,1549,0
40.98,1.4,2.81,1383,0
44.25,1.23,2.54,1526,0
40.69,1.3,2.6,1506,0
43.07,1.58,2.98,1628,0
47.93,1.48,2.14,1378,0
42.16,1.34,2.94,1556,0
62.68,3.8,4.94,881,1
37.48,1.61,3.3,1436,0
70.78,1.26,4.88,1080,1
39.28,1.77,3.19,1556,0
48.17,1.21,3.42,1453,0
38.91,1.56,2.94,1512,0
66.39,3.8,5.15,1521,1
48.88,1.44,3.5,1606,0
67.99,2.76,4.64,1308,1
48.33,1.57,4.38,1555,0
45.87,1.46,3.42,1541,0
35.03,0.95,2.52,1541,0
65.75,3.24,4.17,1328,1
47.31,0.95,2.38,1447,0
50.14,1.14,2.89,1610,0
41.94,1.25,3.41,1508,0
41.24,1.24,2.89,1632,0
40.3,1.57,2.84,1560,0
41.66,1.22,2.44,1488,0
50.36,1.25,2.41,1529,0
70.96,3.65,4.89,1306,1
45.77,1.04,3.05,1448,0
45.79,1.61,2.63,1326,0
49.69,1.12,2.64,1448,0
43.5,1.16,3.09,1601,0
39.71,1.33,2.7,1598,0
48.29,1.44,3.27,1533,0
49.39,1.23,3.17,1449,0
35.46,1.23,3.23,1494,0
40.27,1.21,3.17,1544,0
49.09,1.75,2.27,1601,0
74.31,3.41,4.41,1127,1
78.12,2.97,4.51,1042,1
58.15,2.69,3.49,1257,1
40.95,1.08,2.84,1516,0
41.69,1.34,3.59,1536,0
41.83,1.45,3.7,1402,0
47.44,1.11,3.22,1505,0
52.02,1.33,2.67,1631,0
35.3,1.39,2.97,1552,0
43.13,1.14,2.85,1462,0
36.0,1.28,2.89,1472,0
40.24,0.96,2.72,1472,0
45.45,1.49,2.75,1589,0
38.6,1.11,3.2,1539,0
44.76,1.53,3.02,1561,0
44.7,1.8,3.5,1589,0
51.83,1.97,3.16,1555,0
44.95,1.2,2.84,1474,0
46.57,1.59,2.74,1454,0
66.59,2.84,4.24,1133,1
50.51,1.47,3.44,1439,0
64.61,3.26,5.49,978,1
45.78,1.51,2.26,1555,0
68.12,3.12,5.27,873,1
61.31,2.78,6.49,1146,1
45.4,1.73,2.88,1461,0
43.99,1.52,3.08,1533,0
49.17,1.07,3.48,1676,0
66.74,3.09,3.76,1216,1
46.09,1.35,2.68,1524,0
36.98,1.51,2.36,1621,0
44.41,1.3,2.49,1548,0
40.62,1.25,3.5,1453,0
78.57,2.46,3.39,986,1
46.77,1.45,2.69,1467,0
47.35,1.32,3.29,1608,0
47.04,1.9,2.87,1400,0
41.96,1.77,2.99,1527,0
40.39,1.55,3.47,1665,0
70.87,2.64,4.3,1125,1
44.03,1.27,2.54,1558,0
43.22,1.13,2.97,1554,0
43.95,1.0,3.28,1625,0
62.22,3.34,4.17,1016,1
48.61,1.46,3.75,1519,0
40.39,1.5,2.63,1546,0
70.11,2.75,3.66,1349,1
45.08,1.66,2.92,1480,0
45.73,1.68,2.87,1576,0
46.36,1.38,3.25,1555,0
37.82,1.18,3.28,1571,0
41.98,0.97,3.37,1506,0
44.26,1.31,3.0,1488,0
43.16,1.68,2.95,1531,0
38.66,1.56,2.84,1475,0
50.02,1.52,3.34,1605,0
54.27,3.31,4.03,1103,1
47.59,1.41,3.91,1534,0
46.77,1.3,3.34,1529,0
67.78,3.29,4.82,1339,1
46.21,1.11,2.74,1431,0
45.2,1.1,1.99,1563,0
50.21,1.33,3.62,1616,0
48.71,0.96,2.77,1412,0
51.56,1.07,2.79,1513,0
44.48,1.45,3.3,1509,0
77.62,3.43,3.72,1228,1
71.45,2.43,4.97,1202,1
65.89,3.62,4.29,1404,1
48.83,1.56,2.85,1566,0
39.67,1.87,2.95,1427,0
42.9,1.37,2.2,1516,0
47.35,1.14,2.82,1342,0
38.6,1.99,3.28,1404,0
46.41,1.56,3.27,1648,0
40.38,1.97,2.22,1473,0
42.81,1.6,3.02,1512,0
60.56,3.31,4.09,1334,1
50.27,0.94,3.35,1667,0
43.45,1.26,3.05,1411,0
40.98,1.77,3.18,1560,0
41.06,1.18,3.05,1563,0
61.32,1.98,4.78,1201,1
47.04,1.76,2.28,1505,0
43.43,1.33,2.82,1418,0
44.0,1.25,2.47,1551,0
52.35,3.34,4.83,1314,1
44.9,1.81,3.14,1555,0
41.25,1.41,3.35,1603,0
41.39,1.47,3.22,1519,0
40.61,1.35,3.1,1515,0
70.53,3.92,4.93,1279,1
53.5,1.49,3.06,1576,0
48.7,1.67,3.06,1501,0
32.97,1.19,2.18,1442,0
46.56,1.61,4.0,1553,0
42.76,1.05,3.42,1613,0
48.89,1.03,3.37,1565,0
43.15,1.07,3.61,1551,0
50.32,1.37,3.16,1471,0
45.8,1.77,3.49,1459,0
46.95,1.31,2.68,1463,0
50.94,1.78,3.02,1475,0
40.04,1.31,2.6,1458,0
57.61,2.79,3.43,1278,1
50.42,1.54,2.55,1442,0
45.74,1.47,3.12,1528,0
43.14,1.43,3.61,1514,0
34.17,1.18,3.09,1543,0
46.18,1.3,3.2,1547,0
64.67,2.37,3.91,1329,1
43.09,1.39,3.46,1576,0
49.62,1.45,3.7,1502,0
40.06,1.59,2.79,1491,0
36.46,1.5,3.49,1646,0
46.05,1.45,3.42,1413,0
41.08,1.34,3.66,1530,0
72.13,2.66,4.79,985,1
45.18,0.8,3.05,1375,0
42.81,1.7,2.55,1623,0
39.87,1.77,2.86,1481,0
49.45,1.73,3.07,1528,0
37.63,1.13,2.42,1488,0
55.12,2.96,4.33,1185,1
46.2,1.12,2.76,1479,0
48.06,1.73,3.6,1612,0
48.25,1.08,3.14,1511,0
50.6,1.45,3.67,1482,0
46.11,1.44,2.69,1528,0
40.46,1.75,2.73,1454,0
41.03,1.41,3.23,1476,0
48.71,1.47,3.24,1471,0
42.41,0.91,2.98,1500,0
76.26,2.75,5.47,1518,1
44.23,1.77,3.1,1505,0
42.96,2.02,2.89,1574,0
47.51,1.06,3.55,1475,0
45.75,1.12,2.76,1502,0
48.73,1.72,2.76,1591,0
42.45,1.62,3.29,1588,0
47.22,1.17,2.57,1540,0
57.27,2.7,4.86,974,1
51.79,1.18,3.3,1510,0
61.5,3.52,4.25,1163,1
65.08,3.18,4.36,1453,1
43.49,1.28,2.93,1566,0
48.1,1.26,3.43,1384,0
60.45,2.19,3.49,1177,1
41.88,1.17,2.72,1507,0
44.46,2.07,2.67,1433,0
40.76,1.41,2.78,1464,0
72.9,2.26,5.58,1280,1
42.06,1.85,3.28,1553,0
46.93,1.23,2.82,1451,0
37.13,1.47,2.95,1479,0
43.24,1.21,2.9,1543,0
53.5,1.37,2.67,1618,0
45.14,1.26,2.55,1411,0
33.18,1.22,3.64,1465,0
56.67,1.87,2.82,1581,0
45.23,1.87,3.15,1553,0
48.38,1.38,2.81,1410,0
43.56,1.17,3.2,1471,0
41.58,1.35,3.64,1477,0
48.43,1.46,2.57,1429,0
41.73,1.35,2.45,1541,0
42.48,1.7,2.19,1357,0
51.08,1.05,2.83,1508,0
63.35,2.64,4.76,1372,1
42.12,1.58,3.29,1615,0
50.79,1.44,3.03,1584,0
45.84,0.97,2.92,1560,0
44.99,1.46,3.76,1502,0
52.01,1.51,2.83,1504,0
39.38,1.34,2.49,1552,0
44.65,1.42,2.61,1442,0
45.32,1.54,2.8,1370,0
43.81,1.02,3.54,1371,0
47.86,1.92,3.45,1572,0
51.82,1.12,3.19,1562,0
44.91,1.48,3.62,1561,0
44.58,1.75,2.91,1567,0
43.62,1.18,2.67,1494,0
60.43,3.42,4.78,1210,1
61.89,1.86,5.33,1427,1
44.33,1.53,3.32,1515,0
38.75,1.56,2.72,1420,0
37.68,1.19,2.82,1468,0
45.57,1.24,2.92,1541,0
42.58,1.01,2.69,1631,0
45.14,1.04,3.1,1524,0
57.47,3.59,3.25,1389,1
67.05,3.44,4.75,1009,1
39.22,1.53,2.56,1591,0
52.56,1.41,2.77,1456,0
37.1,1.14,3.54,1504,0
48.28,1.32,3.12,1443,0
41.61,1.09,2.22,1400,0
45.82,1.47,2.9,1599,0
44.04,1.26,3.67,1423,0
43.62,1.56,3.21,1469,0
45.99,1.38,3.34,1335,0
71.53,2.44,4.04,992,1
46.2,1.71,3.47,1516,0
45.73,1.33,2.57,1520,0
45.93,1.67,2.84,1528,0
48.55,1.3,2.82,1552,0
47.23,0.92,2.76,1383,0
51.33,1.33,2.85,1557,0
44.13,1.17,3.06,1484,0
49.51,1.11,3.03,1476,0
42.21,1.51,2.73,1426,0
43.4,1.11,3.26,1535,0
47.69,1.59,3.3,1603,0
41.58,1.53,2.52,1546,0
41.06,1.21,3.05,1473,0
40.31,1.29,2.73,1541,0
49.2,1.48,2.77,1452,0
62.29,2.99,4.5,1252,1
51.13,2.13,2.78,1491,0
45.19,1.16,3.3,1448,0
41.87,1.4,2.85,1564,0
47.35,1.27,2.68,1424,0
45.58,3.14,3.43,1154,1
39.34,1.46,2.34,1387,0
41.89,1.34,3.22,1534,0
39.01,1.51,2.91,1393,0
45.8,1.4,3.55,1409,0
45.39,1.14,3.05,1323,0
46.79,1.47,3.57,1350,0
46.97,1.64,3.4,1474,0
72.63,4.15,4.02,1431,1
66.22,4.09,4.67,1143,1
41.02,1.51,3.16,1346,0
44.08,1.3,3.29,1532,0
52.48,1.75,3.56,1487,0
44.81,1.61,2.63,1447,0
52.93,1.22,3.68,1451,0
67.99,3.77,4.1,961,1
46.01,1.13,2.51,1399,0
47.89,1.22,3.3,1572,0
47.94,1.53,3.19,1506,0
43.15,1.18,3.06,1428,0
44.34,1.28,3.54,1420,0
35.86,1.12,2.69,1528,0
39.09,0.85,3.05,1513,0
44.5,1.64,2.83,1529,0
49.54,2.68,5.34,1089,1
42.27,0.78,3.46,1472,0
46.0,1.55,2.95,1469,0
64.48,3.43,4.52,1101,1
63.85,3.37,3.12,1286,1
49.94,1.29,3.07,1451,0
45.4,1.35,3.5,1621,0
46.92,1.34,3.1,1470,0
44.52,1.57,3.24,1432,0
39.33,1.29,2.96,1562,0
40.28,1.26,3.01,1438,0
47.22,1.27,3.5,1511,0
45.83,1.33,2.75,1521,0
47.75,1.08,2.35,1370,0
49.1,1.22,2.55,1447,0
61.33,1.87,4.33,1488,1
41.07,0.97,3.02,1426,0
49.38,1.14,3.33,1468,0
58.93,2.99,4.38,1000,1
46.92,1.31,2.83,1253,0
48.79,1.17,2.58,1365,0
59.59,3.09,3.77,1125,1
53.78,1.23,3.31,1353,0
46.34,1.18,3.15,1497,0
46.12,1.51,2.84,1443,0
41.41,1.63,3.3,1475,0
50.6,1.44,2.47,1634,0
49.79,1.94,3.2,1431,0
67.22,2.63,5.51,1424,1
43.73,1.66,3.2,1543,0
63.56,2.43,4.17,1396,1
47.29,0.92,2.71,1495,0
49.8,1.27,2.64,1567,0
46.83,1.23,2.75,1398,0
46.93,1.43,2.74,1613,0
41.78,1.78,3.07,1537,0
47.1,1.47,2.31,1542,0
71.29,2.39,3.77,1068,1
65.08,3.63,3.64,1429,1
41.46,1.08,2.57,1490,0
53.36,1.66,2.94,1593,0
40.08,1.31,3.01,1374,0
67.19,2.62,5.14,1079,1
40.63,1.76,2.62,1587,0
72.51,2.86,3.71,1090,1
43.83,1.38,3.02,1492,0
46.14,1.2,2.78,1441,0
44.49,1.53,2.36,1462,0
56.02,3.44,4.53,1299,1
78.59,2.25,4.7,1147,1
48.33,1.82,2.95,1524,0
39.13,1.47,3.23,1561,0
50.26,1.58,2.55,1522,0
44.05,1.88,3.18,1475,0
75.07,2.23,4.49,1074,1
40.91,1.08,3.29,1511,0
43.85,1.89,3.21,1612,0
35.99,1.44,2.84,1468,0
72.76,1.86,4.3,1673,1
30.25,1.4,2.63,1493,0
45.34,1.53,3.07,1484,0
52.22,1.12,2.73,1692,0
46.58,1.12,2.58,1525,0
49.22,1.77,2.69,1404,0
54.97,1.18,2.44,1475,0
44.31,1.27,2.94,1568,0
49.65,1.27,2.58,1697,0
42.9,1.34,2.54,1597,0
46.54,1.42,3.1,1463,0
60.9,2.51,5.12,1401,1
54.53,1.59,2.75,1475,0
67.07,3.56,4.72,1376,1
49.12,1.91,2.98,1476,0
61.53,2.38,4.66,1502,1
43.38,1.56,3.07,1486,0
46.87,1.87,3.07,1485,0
42.39,1.69,2.64,1479,0
49.88,0.91,2.87,1473,0
37.65,1.42,2.95,1423,0
46.17,1.63,3.52,1338,0
36.13,1.62,3.2,1593,0
40.04,2.07,3.02,1428,0
42.64,1.38,3.86,1404,0
48.51,1.28,2.87,1480,0
44.85,1.6,2.88,1637,0
66.43,3.94,5.18,997,1
42.63,1.15,2.89,1553,0
47.74,1.54,3.54,1571,0
49.61,1.08,2.91,1532,0
86.06,2.73,4.67,1054,1
43.95,1.28,3.35,1576,0
45.76,1.23,3.5,1569,0
46.63,1.47,2.53,1424,0
46.56,1.03,3.25,1514,0
40.85,1.59,2.81,1411,0
41.36,1.35,3.06,1588,0
47.39,1.64,2.75,1490,0
61.02,3.45,4.7,1428,1
40.98,0.85,3.77,1414,0
40.16,1.3,3.06,1664,0
40.9,0.86,2.93,1569,0
48.8,1.41,2.89,1649,0
47.35,1.52,3.37,1531,0
46.26,1.3,2.85,1545,0
43.57,1.57,3.12,1519,0
52.04,1.28,3.5,1507,0
44.32,1.86,2.82,1515,0
46.07,1.44,2.96,1564,0
57.16,2.26,4.7,1453,1
51.36,1.36,3.69,1400,0
43.35,1.78,2.82,1537,0
48.66,2.15,4.03,1301,1
43.11,1.6,3.39,1509,0
41.39,1.73,3.43,1448,0
42.61,1.51,3.0,1491,0
50.44,1.17,3.13,1505,0
48.88,1.19,3.09,1552,0
42.64,1.31,3.33,1499,0
40.92,1.66,3.33,1368,0
50.93,1.3,3.41,1554,0
68.35,3.3,3.85,1398,1
49.67,1.58,3.04,1540,0
38.57,1.04,2.69,1562,0
62.18,3.75,5.93,1221,1
72.92,3.02,5.41,1213,1
49.76,1.69,2.74,1629,0
53.19,1.78,2.45,1450,0
44.77,1.58,3.22,1540,0
44.45,1.59,3.06,1356,0
44.24,1.7,3.25,1597,0
69.89,2.9,4.81,1351,1
44.29,1.66,2.66,1406,0
36.49,1.56,2.85,1332,0
46.0,1.34,2.52,1482,0
38.16,1.45,2.44,1485,0
37.9,1.23,2.55,1482,0
52.9,3.62,3.17,1247,1
47.34,1.48,2.33,1493,0
72.47,1.89,4.86,1222,1
43.96,1.28,3.55,1433,0
80.67,3.06,3.97,1555,1
49.88,1.66,3.04,1365,0
74.03,2.72,4.49,1243,1
45.97,1.35,3.1,1404,0
49.76,1.31,3.27,1572,0
39.79,1.24,2.82,1549,0
50.22,1.62,3.06,1542,0
45.09,1.1,2.75,1409,0
48.17,1.34,2.93,1487,0
33.67,1.02,3.08,1468,0
45.44,1.77,3.24,1584,0
43.35,1.64,3.05,1487,0
41.7,1.25,3.15,1495,0
52.6,2.49,3.56,1514,1
53.06,1.5,3.46,1557,0
39.14,1.09,2.89,1507,0
39.3,1.85,3.13,1522,0
45.78,1.55,3.52,1516,0
41.7,1.16,3.09,1529,0
46.01,1.79,3.33,1517,0
50.49,1.62,2.94,1483,0
46.85,1.49,2.86,1501,0
41.16,1.45,2.5,1366,0
42.57,1.41,3.82,1456,0
42.74,1.68,2.91,1629,0
36.58,1.43,2.84,1422,0
41.53,0.57,2.92,1480,0
44.55,1.43,2.13,1614,0
42.8,1.53,3.01,1518,0
72.62,3.21,4.52,1197,1
41.7,1.27,3.03,1548,0
50.72,1.69,2.84,1660,0
48.36,1.39,2.74,1514,0
42.63,1.88,2.46,1473,0
47.34,1.23,3.12,1456,0
42.13,1.55,3.0,1449,0
51.32,1.13,2.58,1419,0
69.92,3.05,3.3,954,1
41.62,1.17,2.85,1546,0
42.57,1.35,2.7,1309,0
45.71,1.89,2.75,1516,0
38.53,0.82,3.53,1607,0
50.28,2.32,4.89,1216,1
43.79,1.13,3.15,1433,0
51.15,1.57,2.51,1628,0
34.87,1.36,3.21,1605,0
66.18,3.27,3.09,1218,1
51.98,1.65,2.94,1637,0
70.03,3.23,4.18,1440,1
41.0,1.37,3.42,1475,0
45.59,1.77,3.32,1395,0
62.65,2.57,4.59,1069,1
39.93,1.23,2.76,1301,0
42.39,0.97,3.43,1568,0
46.66,1.07,3.01,1369,0
43.89,1.04,2.7,1500,0
52.76,1.2,2.75,1524,0
48.07,1.39,2.67,1339,0
46.87,1.5,3.33,1481,0
50.12,1.37,3.04,1345,0
48.39,1.43,2.6,1420,0
46.94,1.9,2.65,1608,0
64.68,2.71,4.44,1086,1
51.46,1.34,3.03,1541,0
63.78,2.99,3.82,1230,1
47.4,1.37,2.51,1567,0
42.45,1.28,3.16,1606,0
59.34,3.77,4.33,1506,1
44.91,0.91,3.35,1377,0
43.45,1.57,3.03,1476,0
42.33,1.65,2.6,1489,0
46.89,1.54,2.93,1574,0
44.66,1.19,3.03,1535,0
47.83,1.15,2.52,1348,0
44.89,3.84,3.88,1543,1
67.0,2.58,4.28,1005,1
48.63,1.47,2.87,1477,0
41.79,1.69,3.39,1512,0
45.78,1.42,3.0,1518,0
44.63,1.46,2.99,1487,0
46.47,1.57,3.19,1406,0
45.67,1.51,3.12,1340,0
69.21,2.7,3.76,1180,1
47.14,1.39,3.05,1468,0
52.0,1.32,2.12,1486,0
49.28,1.46,3.39,1588,0
64.71,2.65,3.52,1188,1
43.18,1.36,2.87,1576,0
44.3,1.49,2.73,1525,0
45.33,1.89,2.93,1484,0
50.91,1.53,2.67,1535,0
71.67,2.92,4.61,1244,1
51.43,1.53,2.86,1453,0
45.56,1.26,3.26,1557,0
51.69,4.25,5.29,1468,1
44.1,1.63,2.56,1464,0
49.25,1.97,2.44,1550,0
42.09,1.31,3.18,1536,0
72.16,3.39,4.74,1323,1
45.92,1.05,3.05,1507,0
51.65,1.12,3.27,1425,0
44.81,1.36,2.35,1580,0
73.23,3.28,4.96,1357,1
47.41,1.61,2.56,1494,0
70.73,3.57,3.74,1311,1
72.19,1.75,5.1,1361,1
43.68,1.3,3.48,1371,0
48.56,1.4,2.62,1493,0
46.75,1.39,3.25,1480,0
67.77,2.43,3.47,1405,1
36.39,1.62,2.55,1399,0
41.06,1.3,2.63,1365,0
42.3,1.32,3.11,1463,0
73.38,3.22,3.9,1124,1
42.05,1.3,3.48,1376,0
61.36,1.53,3.83,1278,1
43.82,1.36,3.04,1551,0
41.48,1.37,4.26,1528,0
66.98,3.02,4.77,1284,1
46.24,1.42,3.22,1306,0
41.78,1.83,2.66,1605,0
67.72,2.34,4.01,1221,1
65.02,3.26,4.54,1467,1
40.32,1.66,3.06,1508,0
41.33,1.16,2.73,1499,0
43.43,1.44,3.23,1475,0
42.09,1.12,3.25,1537,0
69.06,3.61,5.47,1293,1
45.01,1.48,3.62,1440,0
40.1,1.41,3.08,1362,0
48.29,1.72,3.69,1507,0
41.52,1.28,3.31,1606,0
44.56,1.3,3.11,1438,0
43.61,1.2,3.16,1483,0
53.31,1.48,3.47,1536,0
38.94,1.43,3.31,1522,0
50.11,1.44,2.99,1524,0
48.43,1.3,2.47,1628,0
44.7,1.5,3.01,1589,0
46.15,1.27,3.54,1514,0
46.08,1.91,2.83,1441,0
36.11,1.15,2.61,1484,0
40.39,1.44,2.54,1446,0
33.74,4.42,3.23,1173,1
42.22,1.43,3.25,1515,0
47.9,1.2,2.87,1457,0
49.97,1.34,2.88,1571,0
41.24,1.59,3.13,1473,0
41.79,1.55,3.74,1458,0
37.21,1.12,2.53,1581,0
43.86,1.45,3.17,1488,0
34.48,1.58,3.5,1483,0
51.7,1.33,2.63,1590,0
55.24,1.1,2.91,1506,0
45.33,1.33,3.12,1595,0
51.15,1.44,3.21,1661,0
47.93,1.7,3.05,1460,0
39.72,1.88,3.0,1538,0
39.91,1.66,3.04,1571,0
74.61,3.11,3.88,1274,1
46.77,1.06,2.37,1560,0
42.45,1.54,3.37,1575,0
47.0,1.18,2.97,1576,0
47.05,1.26,2.89,1372,0
47.73,1.83,3.06,1467,0
42.37,1.19,2.79,1436,0
45.65,1.48,3.23,1419,0
49.67,1.36,2.35,1487,0
57.1,3.6,4.16,1321,1
38.73,1.52,3.31,1564,0
49.41,1.32,3.09,1602,0
41.2,0.98,2.33,1660,0
50.41,1.28,2.86,1494,0
64.69,3.18,4.99,1205,1
47.88,1.52,3.07,1377,0
41.56,1.52,2.47,1489,0
50.9,1.69,3.13,1479,0
47.16,1.55,3.03,1632,0
55.79,3.2,3.8,1025,1
37.44,1.17,3.17,1524,0
44.52,1.47,3.19,1496,0
43.0,1.39,2.94,1579,0
48.49,1.86,2.95,1545,0
43.79,1.39,2.78,1461,0
41.3,1.3,2.95,1565,0
70.95,3.0,3.97,1238,1
42.06,1.65,2.11,1459,0
48.28,1.95,2.45,1528,0
47.99,1.26,3.54,1553,0
48.03,1.33,3.06,1574,0
37.62,1.32,3.47,1522,0
66.6,3.35,4.64,1277,1
42.38,0.93,2.64,1566,0
47.58,1.59,3.31,1373,0
45.73,1.29,2.69,1578,0
52.39,1.15,3.38,1520,0
71.91,3.01,3.66,1104,1
44.0,1.3,3.19,1563,0
68.19,3.46,5.45,1253,1
44.2,1.43,3.44,1544,0
68.2,4.22,4.92,1448,1
45.59,1.56,2.69,1403,0
40.93,1.27,2.73,1538,0
76.13,3.1,4.65,1013,1
45.93,1.37,2.96,1451,0
44.25,1.13,2.3,1504,0
51.38,3.73,3.71,1378,1
58.47,2.13,5.54,1241,1
44.63,1.45,3.62,1434,0
50.45,1.07,3.09,1460,0
39.44,1.69,2.23,1446,0
43.22,1.79,2.67,1435,0
69.09,3.67,6.11,1238,1
39.86,1.76,2.99,1391,0
39.51,1.43,2.85,1548,0
45.39,1.29,3.38,1510,0
50.81,1.69,3.19,1596,0
73.64,3.79,4.13,1323,1
44.99,1.77,3.3,1403,0
46.6,1.45,2.56,1583,0
40.84,1.32,3.07,1435,0
43.68,1.43,2.81,1441,0
53.78,2.95,4.19,1324,1
45.65,1.45,3.69,1555,0
50.24,1.48,2.12,1411,0
68.27,4.37,4.86,777,1
50.16,1.28,3.29,1437,0
48.56,1.79,2.78,1433,0
38.93,1.38,2.73,1562,0
45.07,1.22,3.13,1595,0
49.95,1.3,2.94,1375,0
50.47,1.44,3.35,1546,0
50.33,0.96,2.44,1465,0
50.09,0.94,2.91,1709,0
56.3,1.64,2.44,1453,0
62.49,2.73,4.58,1463,1
41.61,2.08,2.94,1573,0
58.25,3.43,3.91,1245,1
47.27,1.49,3.25,1511,0
45.79,1.31,3.27,1664,0
40.18,1.26,3.01,1512,0
44.36,1.74,3.61,1654,0
40.97,1.23,3.17,1509,0
44.75,1.47,2.92,1592,0
48.04,1.41,3.27,1556,0
47.85,1.38,3.51,1475,0
43.45,1.41,3.29,1540,0
41.38,1.39,2.9,1417,0
44.9,1.19,2.38,1561,0
48.91,1.4,3.03,1594,0
52.4,1.13,3.39,1487,0
42.72,1.02,3.19,1426,0
34.58,1.29,3.33,1452,0
44.56,1.07,3.15,1426,0
35.03,0.67,2.95,1528,0
49.92,1.01,3.43,1521,0
44.49,1.04,3.45,1665,0
39.42,1.53,2.29,1614,0
47.48,1.16,2.79,1307,0
43.46,1.57,3.07,1493,0
49.39,1.19,3.47,1542,0
42.47,1.38,2.95,1445,0
47.85,0.92,3.31,1333,0
67.29,3.1,4.73,1571,1
44.14,1.57,2.48,1496,0
55.29,1.29,2.6,1587,0
42.18,2.09,3.23,1567,0
39.95,1.34,3.15,1547,0
36.83,1.62,3.45,1435,0
42.99,1.87,2.6,1470,0
54.85,1.08,2.96,1499,0
45.78,1.61,3.11,1512,0
39.71,1.12,2.86,1725,0
68.47,3.1,4.02,1367,1
46.65,2.15,2.03,1484,0
46.67,1.44,2.6,1423,0
50.25,1.31,3.12,1510,0
45.97,1.54,3.02,1538,0
44.97,1.77,3.0,1437,0
44.08,1.5,3.26,1462,0
49.01,0.92,2.59,1562,0
56.8,1.3,3.05,1575,0
45.18,1.6,2.57,1500,0
42.81,1.18,3.41,1561,0
54.99,1.23,2.65,1561,0
45.25,1.19,2.95,1445,0
45.36,1.78,3.33,1474,0
41.49,1.2,2.52,1507,0
49.75,1.02,3.07,1463,0
81.97,2.89,4.66,1306,1
41.7,1.59,2.51,1522,0
45.6,1.4,3.03,1583,0
74.1,3.58,4.28,1291,1
48.25,1.35,2.44,1535,0
43.71,1.77,2.79,1647,0
51.36,1.74,2.63,1583,0
42.88,0.59,2.75,1482,0
45.94,1.59,2.82,1498,0
45.77,1.28,2.83,1504,0
75.09,3.33,5.09,1047,1
45.7,1.2,3.14,1643,0
49.15,1.47,3.19,1502,0
48.44,1.53,3.15,1445,0
56.59,2.95,5.46,1291,1
50.57,1.53,2.98,1473,0
72.0,3.57,4.11,1376,1
45.28,1.79,2.71,1477,0
49.5,1.23,2.79,1574,0
41.63,1.33,3.21,1476,0
65.02,3.16,4.96,1250,1
49.09,1.61,2.97,1437,0
45.43,1.69,3.1,1737,0
46.56,1.67,3.3,1432,0
58.61,2.36,5.77,1254,1
67.39,3.56,3.35,1145,1
40.02,1.84,3.2,1505,0
54.7,3.18,4.35,1394,1
45.21,1.72,2.78,1504,0
39.31,1.25,2.75,1476,0
43.97,1.32,3.45,1475,0
66.39,3.19,3.0,1105,1
42.69,1.74,2.75,1539,0
41.1,1.36,2.88,1515,0
49.22,1.2,3.96,1468,0
48.07,1.3,2.9,1406,0
38.92,1.38,2.77,1658,0
49.49,1.4,3.46,1576,0
48.5,1.46,2.87,1704,0
43.18,2.06,3.27,1489,0
43.52,1.44,2.71,1411,0
42.77,1.39,3.36,1591,0
43.42,2.27,4.26,1192,1
49.64,1.76,3.15,1375,0
55.68,2.27,4.67,1461,1
72.12,2.84,5.4,1274,1
40.88,1.57,3.13,1567,0
46.23,1.08,2.75,1381,0
45.84,1.08,3.41,1643,0
45.77,1.52,3.14,1562,0
46.35,1.86,3.06,1570,0
41.76,1.73,3.25,1485,0
65.1,2.99,4.16,1059,1
47.03,1.28,2.67,1416,0
46.89,0.81,3.2,1450,0
41.82,0.95,3.77,1465,0
45.97,1.32,3.29,1489,0
41.92,1.3,3.15,1394,0
43.37,1.46,2.75,1406,0
41.91,1.49,3.06,1415,0
46.89,1.43,3.19,1511,0
70.82,2.68,3.34,1453,1
59.11,2.53,3.77,1287,1
45.34,1.55,2.6,1541,0
38.6,1.41,3.24,1517,0
52.24,1.47,3.26,1572,0
64.14,3.26,3.94,1494,1
46.58,1.58,3.28,1647,0
41.55,1.75,3.62,1503,0
47.78,1.12,3.07,1408,0
42.4,0.99,2.86,1595,0
44.48,1.74,3.06,1507,0
67.35,3.91,3.58,1094,1
70.01,1.93,5.76,1097,1
39.64,1.46,2.46,1487,0
45.52,1.16,2.41,1396,0
65.65,3.09,5.17,1150,1
40.55,1.51,2.97,1561,0
47.45,1.28,2.83,1541,0
47.82,1.38,2.89,1513,0
41.27,1.07,2.94,1435,0
44.03,1.2,3.25,1402,0
65.42,3.25,4.67,1086,1
64.88,2.7,5.26,970,1
45.74,1.5,2.65,1433,0
63.7,1.67,4.27,1241,1
45.61,1.69,2.62,1406,0
43.15,1.56,2.77,1548,0
48.88,1.09,3.28,1405,0
44.96,1.89,2.79,1412,0
47.53,1.55,2.68,1377,0
45.83,1.8,3.51,1473,0
43.04,1.9,2.62,1505,0
48.79,1.54,3.34,1630,0
44.08,1.08,3.49,1502,0
38.01,1.05,2.44,1662,0
43.07,1.49,3.21,1525,0
70.07,2.66,4.2,1115,1
45.33,1.07,3.18,1527,0
48.31,1.56,3.17,1438,0
40.59,1.41,2.88,1567,0
42.22,1.99,2.76,1549,0
48.45,1.66,3.11,1465,0
46.83,1.72,2.45,1480,0
44.28,1.52,3.03,1386,0
43.8,1.64,2.91,1484,0
65.47,3.43,4.17,1340,1
58.79,2.28,4.41,1458,1
46.03,1.79,3.36,1543,0
50.25,1.34,2.85,1620,0
65.55,3.89,4.35,1108,1
44.99,1.14,3.32,1574,0
45.3,0.96,3.17,1550,0
68.29,3.55,5.01,1175,1
46.17,1.4,2.42,1520,0
43.25,1.31,2.92,1347,0
69.71,1.97,4.73,1157,1
40.46,1.34,2.9,1590,0
50.5,1.57,3.14,1475,0
44.4,0.97,3.42,1521,0
46.23,1.54,3.35,1423,0
42.6,1.48,2.63,1625,0
43.19,1.65,3.45,1371,0
49.98,1.68,2.41,1434,0
64.16,3.74,4.27,1245,1
38.1,1.09,2.96,1627,0
45.59,1.48,3.44,1575,0
51.37,1.0,2.98,1445,0
48.39,1.61,2.89,1396,0
42.53,1.25,3.14,1385,0
45.57,1.42,2.98,1496,0
46.78,1.55,3.11,1580,0
48.16,1.51,2.99,1499,0
49.56,1.2,3.13,1506,0
44.51,1.04,3.22,1614,0
47.59,1.36,2.68,1614,0
44.38,1.21,2.56,1522,0
43.65,1.45,2.76,1559,0
47.21,0.96,3.14,1587,0
67.37,2.97,4.74,1381,1
45.47,1.8,2.88,1519,0
38.35,1.04,3.45,1564,0
80.42,3.02,4.25,1053,1
85.46,2.53,5.46,1738,1
41.39,1.45,3.35,1710,0
69.36,3.58,4.14,1369,1
43.07,1.5,3.55,1535,0
70.35,2.96,5.57,1273,1
41.09,1.37,2.92,1485,0
47.73,1.21,2.95,1467,0
42.36,1.12,2.88,1398,0
49.9,1.58,2.83,1411,0
43.85,1.38,2.77,1466,0
43.37,1.04,2.86,1501,0
39.86,1.74,2.75,1501,0
47.4,1.37,3.2,1413,0
46.14,1.75,3.28,1484,0
43.81,1.17,2.56,1580,0
50.2,1.21,3.41,1452,0
45.3,1.32,2.86,1349,0
69.56,2.09,4.52,1649,1
40.16,1.28,3.23,1581,0
40.24,1.19,3.33,1515,0
47.46,1.41,2.93,1493,0
58.73,2.84,4.54,1212,1
47.08,1.12,3.39,1217,0
59.46,1.89,4.45,1272,1
42.37,1.71,2.74,1392,0
59.71,2.79,5.53,1234,1
43.97,1.6,2.74,1633,0
45.08,1.13,2.73,1443,0
56.71,1.39,3.02,1498,0
42.79,1.21,3.08,1601,0
40.96,1.25,3.3,1475,0
60.16,3.84,4.97,1333,1
44.23,1.36,2.96,1399,0
43.47,1.62,3.07,1527,0
44.79,1.49,2.51,1493,0
68.33,2.82,3.96,1210,1
44.75,1.41,2.81,1536,0
76.56,3.07,5.14,1195,1
39.25,1.27,3.09,1456,0
59.27,3.34,4.19,1377,1
48.43,1.33,2.51,1494,0
52.42,3.22,5.15,1300,1
53.72,2.76,4.54,1592,1
45.31,1.08,3.25,1521,0
49.21,2.75,5.36,849,1
77.54,3.52,5.2,1173,1
40.05,1.19,2.92,1478,0
65.85,3.78,5.31,1064,1
46.28,1.01,2.59,1574,0
39.96,1.3,3.0,1456,0
60.41,2.45,4.48,1144,1
40.69,1.45,2.98,1502,0
65.04,3.51,3.71,1504,1
45.86,1.38,2.52,1404,0
42.93,1.5,2.55,1306,0
59.22,3.11,4.08,1282,1
46.58,1.32,2.81,1557,0
46.19,1.27,2.63,1564,0
43.3,0.85,3.01,1408,0
46.95,1.59,2.81,1512,0
55.45,2.01,4.58,971,1
39.68,1.63,2.82,1590,0
43.81,1.23,2.94,1568,0
50.01,1.02,3.0,1376,0
38.86,1.34,2.97,1408,0
47.06,1.71,2.97,1439,0
49.97,1.72,3.26,1686,0
51.49,1.26,3.01,1469,0
45.95,1.49,2.62,1440,0
47.04,0.99,2.91,1507,0
36.18,1.37,2.62,1538,0
43.71,1.62,2.97,1505,0
42.35,1.8,3.39,1344,0
42.68,1.27,2.97,1595,0
71.06,2.01,3.62,1472,1
41.61,1.25,3.47,1666,0
48.43,1.6,3.35,1469,0
68.4,3.02,3.75,1490,1
43.0,1.65,2.94,1589,0
40.72,1.36,3.11,1524,0
58.31,2.2,4.83,1465,1
41.78,1.54,2.94,1366,0
40.51,1.23,3.47,1491,0
44.49,1.23,3.08,1556,0
52.28,1.28,3.36,1493,0
46.39,1.69,3.04,1476,0
70.27,2.69,3.41,1308,1
40.39,1.73,3.3,1502,0
72.33,3.48,3.89,1211,1
48.28,1.4,3.38,1520,0
46.06,1.29,3.61,1351,0
72.46,2.39,4.52,1287,1
57.61,0.77,2.74,1532,0
40.05,1.56,3.62,1464,0
49.42,2.0,2.69,1541,0
41.68,1.43,2.98,1492,0
44.95,1.21,3.07,1642,0
45.45,2.05,3.08,1553,0
49.65,1.63,3.11,1456,0
40.79,1.5,3.55,1428,0
45.01,1.53,2.63,1547,0
41.64,1.22,2.84,1412,0
44.23,1.18,3.54,1628,0
72.19,2.92,4.82,1515,1
48.75,1.55,3.02,1648,0
64.26,2.49,3.89,1485,1
41.5,0.96,3.19,1415,0
43.02,1.63,2.6,1558,0
46.23,1.32,2.71,1372,0
42.66,1.11,2.73,1491,0
60.13,2.91,4.43,1459,1
44.42,1.47,3.09,1538,0
45.57,1.8,2.15,1397,0
44.77,1.54,2.39,1606,0
49.09,1.42,2.98,1574,0
40.11,1.4,2.33,1629,0
43.92,1.29,3.26,1583,0
59.46,1.98,4.02,1413,1
47.95,1.24,3.57,1497,0
48.42,1.17,2.94,1329,0
48.18,1.17,2.8,1677,0
48.94,1.39,3.02,1757,0
59.23,2.42,5.59,1234,1
46.03,1.37,2.59,1532,0
46.55,1.26,2.44,1584,0
62.9,3.37,4.61,1145,1
46.4,1.34,2.94,1534,0
60.41,2.95,3.52,1183,1
41.59,1.18,2.78,1449,0
38.04,1.62,2.45,1591,0
48.01,1.82,2.95,1529,0
47.56,1.57,2.86,1605,0
39.24,1.21,3.24,1499,0
48.66,0.9,3.04,1494,0
47.14,1.36,3.37,1572,0
38.74,1.44,2.75,1494,0
63.88,3.15,3.55,1149,1
45.67,1.27,3.06,1486,0
48.39,1.48,3.01,1544,0
39.08,1.75,3.32,1532,0
40.91,1.23,3.16,1459,0
41.87,1.17,2.8,1547,0
42.0,1.23,2.81,1298,0
45.47,1.46,2.5,1514,0
49.87,1.2,2.8,1555,0
48.5,0.93,3.08,1394,0
45.5,1.82,3.09,1475,0
49.74,1.04,2.71,1569,0
64.34,2.6,5.35,772,1
37.64,0.93,3.55,1602,0
36.85,1.71,2.73,1578,0
39.5,1.41,3.69,1615,0
42.26,1.24,3.33,1366,0
46.85,1.48,2.44,1366,0
51.0,1.64,2.38,1406,0
45.68,1.03,2.73,1309,0
43.09,1.55,2.96,1537,0
53.57,1.45,2.93,1456,0
48.28,1.02,3.75,1451,0
41.43,3.44,5.87,1221,1
75.64,2.95,3.14,1008,1
43.82,1.21,2.99,1488,0
46.9,1.78,3.14,1579,0
43.93,1.13,3.09,1361,0
46.54,1.65,2.7,1383,0
47.6,1.67,2.67,1463,0
47.78,1.84,3.21,1579,0
43.3,1.5,2.6,1577,0
45.38,1.52,3.02,1463,0
64.36,2.87,4.46,999,1
64.58,3.61,4.37,1409,1
50.69,1.45,3.05,1587,0
58.34,3.13,5.72,1061,1
58.06,2.48,3.74,1338,1
44.02,1.46,3.56,1364,0
59.79,3.44,5.37,1330,1
45.31,1.04,2.62,1420,0
44.85,1.3,2.96,1529,0
46.69,1.77,2.69,1447,0
48.16,1.69,3.33,1478,0
50.09,1.47,2.99,1651,0
46.16,1.26,3.03,1598,0
42.07,1.24,2.56,1497,0
57.05,2.26,4.87,1192,1
45.32,1.51,2.73,1612,0
42.71,1.28,2.49,1429,0
73.24,2.2,3.91,1080,1
51.11,1.35,2.06,1564,0
44.4,1.34,2.86,1481,0
41.32,1.02,2.62,1619,0
45.97,1.05,2.76,1507,0
45.79,1.54,2.75,1468,0
69.02,3.04,5.12,1183,1
45.57,1.66,3.4,1451,0
48.7,1.74,3.05,1481,0
40.57,1.02,3.59,1578,0
39.08,1.3,3.25,1373,0
49.79,1.98,2.34,1483,0
45.15,1.69,2.85,1430,0
50.09,1.0,3.0,1518,0
51.29,1.4,2.54,1390,0
39.88,1.78,2.83,1378,0
41.59,0.99,2.64,1527,0
46.97,1.55,3.07,1568,0
44.27,1.39,2.31,1586,0
39.78,1.45,2.86,1441,0
57.3,2.93,5.56,1065,1
49.75,1.29,3.17,1611,0
43.11,1.32,2.68,1397,0
48.12,1.75,3.56,1455,0
44.01,1.25,2.53,1425,0
42.57,1.52,2.75,1514,0
45.76,1.13,2.95,1409,0
42.08,1.04,2.91,1411,0
40.33,1.55,3.09,1379,0
43.96,2.01,2.69,1526,0
42.15,1.47,2.7,1488,0
68.17,3.19,4.1,1018,1
61.7,4.11,4.51,1219,1
78.48,2.51,4.82,1131,1
48.53,1.22,3.64,1479,0
41.55,1.26,2.86,1355,0
43.56,1.53,2.85,1469,0
46.08,1.05,2.92,1565,0
48.48,2.05,2.81,1539,0
53.93,1.64,2.7,1443,0
51.94,1.35,3.08,1535,0
44.37,1.89,2.3,1598,0
47.83,1.03,3.11,1475,0
38.51,1.42,2.95,1488,0
53.17,1.83,3.41,1498,0
42.86,1.15,3.06,1375,0
47.4,1.16,2.62,1581,0
38.03,1.47,3.04,1427,0
44.24,1.49,2.96,1435,0
45.13,1.79,2.7,1298,0
47.32,1.75,3.33,1492,0
68.08,2.06,4.0,1469,1
52.54,1.1,2.98,1609,0
44.42,1.67,2.9,1620,0
55.68,2.53,5.3,1504,1
72.38,2.75,3.74,1111,1
44.19,1.42,2.63,1431,0
49.67,1.35,2.59,1507,0
61.49,2.63,4.97,1101,1
43.79,1.35,2.37,1537,0
44.48,1.09,2.81,1501,0
44.63,1.45,2.47,1479,0
38.23,1.28,2.77,1484,0
64.2,2.82,4.15,1506,1
44.49,1.26,3.46,1429,0
50.02,1.63,3.86,1492,0
46.53,1.73,3.03,1529,0
43.08,1.62,2.54,1487,0
59.05,1.8,4.32,1003,1
47.98,1.6,2.63,1556,0
43.05,1.8,2.9,1540,0
48.27,1.52,3.06,1554,0
46.37,0.96,2.84,1448,0
39.2,1.3,3.37,1515,0
46.84,1.48,2.53,1430,0
49.29,1.69,3.14,1395,0
46.0,1.52,2.98,1498,0
44.62,1.63,2.83,1556,0
50.08,1.43,2.67,1358,0
42.97,1.16,3.24,1561,0
46.32,1.77,2.92,1476,0
49.15,1.14,2.9,1440,0
45.8,1.39,3.32,1362,0
47.78,1.22,2.47,1510,0
41.51,1.28,2.81,1521,0
55.57,1.94,2.87,1456,0
38.88,1.16,3.04,1483,0
63.17,3.21,5.51,1360,1
39.42,1.34,2.9,1408,0
47.53,0.95,3.23,1576,0
65.64,2.99,3.72,1199,1
47.43,1.34,2.55,1521,0
74.78,3.5,4.72,1065,1
47.54,1.56,3.45,1497,0
60.63,1.38,4.45,1089,1
47.81,1.64,2.67,1502,0
68.13,3.32,3.84,1127,1
48.37,1.16,3.15,1506,0
44.28,1.85,3.51,1540,0
49.79,1.68,3.27,1409,0
42.23,1.49,2.93,1454,0
63.37,2.87,4.56,1597,1
43.78,1.64,2.81,1463,0
44.54,1.17,3.08,1477,0
44.16,1.13,3.18,1389,0
37.67,1.77,3.0,1665,0
49.92,1.58,3.49,1500,0
46.0,1.55,2.65,1509,0
46.66,1.42,2.98,1564,0
48.31,1.68,2.64,1513,0
46.18,1.33,3.24,1454,0
40.44,1.15,2.77,1445,0
75.18,3.14,5.39,1046,1
44.15,1.45,3.65,1361,0
37.08,1.14,2.35,1526,0
50.91,1.27,3.14,1327,0
46.07,1.33,2.79,1498,0
64.12,2.58,4.8,1340,1
50.24,1.58,3.55,1570,0
41.4,1.85,3.82,1484,0
74.65,2.83,4.23,1192,1
46.09,1.25,2.67,1451,0
40.05,0.66,3.21,1423,0
42.57,1.64,2.71,1611,0
44.1,1.32,2.98,1597,0
50.98,1.21,2.5,1618,0
52.39,1.4,2.85,1479,0
48.59,1.68,3.17,1489,0
47.44,1.72,3.11,1565,0
37.99,1.94,3.47,1460,0
61.35,2.82,3.92,1100,1
41.19,1.07,2.89,1417,0
46.42,1.32,3.39,1484,0
74.18,2.88,5.02,1277,1
46.22,1.19,3.5,1465,0
41.61,1.67,2.94,1670,0
42.01,1.62,2.73,1607,0
47.63,1.02,2.89,1620,0
57.44,1.08,3.12,1566,0
46.75,1.6,3.22,1517,0
50.67,1.23,3.17,1440,0
43.02,1.53,2.9,1371,0
42.5,0.93,2.46,1468,0
41.77,1.19,3.09,1476,0
53.62,1.8,2.44,1638,0
66.62,2.45,4.51,1335,1
48.95,1.38,3.02,1645,0
39.27,1.35,2.99,1517,0
63.97,3.88,5.23,1567,1
60.61,3.96,2.83,1221,1
39.07,1.29,3.01,1581,0
45.57,1.28,2.75,1617,0
45.84,1.7,2.42,1394,0
49.07,1.4,2.86,1611,0
37.64,1.51,2.52,1428,0
45.97,1.43,2.91,1519,0
36.32,1.35,3.06,1556,0
42.35,1.54,2.87,1351,0
49.28,1.78,3.24,1413,0
37.49,1.7,2.98,1503,0
40.9,1.35,3.22,1489,0
41.02,1.45,3.24,1423,0
43.36,1.3,3.21,1563,0
42.9,1.29,3.43,1512,0
43.91,1.54,3.35,1520,0
43.92,1.46,3.33,1536,0
46.25,1.02,2.93,1413,0
38.05,1.5,3.07,1521,0
46.19,1.39,3.5,1507,0
59.81,2.72,4.51,1419,1
61.48,2.96,4.2,817,1
45.9,1.46,2.86,1458,0
59.61,3.16,3.21,1246,1
53.26,1.21,2.62,1612,0
48.85,1.43,3.12,1409,0
43.05,1.4,2.73,1564,0
34.04,1.51,2.97,1531,0
46.25,1.72,3.0,1510,0
45.5,1.36,3.29,1501,0
41.01,1.55,3.22,1570,0
79.12,2.0,4.42,1481,1
42.0,1.62,2.81,1500,0
48.02,2.2,3.55,1454,0
41.09,1.72,3.2,1376,0
49.16,1.2,3.41,1424,0
44.95,1.63,3.05,1474,0
42.48,1.05,3.09,1435,0
48.71,1.18,2.83,1629,0
47.87,1.31,2.91,1412,0
40.37,1.62,2.82,1528,0
41.78,1.51,3.12,1424,0
54.37,0.95,2.77,1500,0
42.73,1.16,3.4,1359,0
42.13,1.28,2.94,1361,0
49.53,1.65,2.91,1398,0
45.18,1.81,2.45,1536,0
43.25,1.8,3.08,1475,0
45.07,1.58,3.4,1631,0
47.2,1.62,3.26,1554,0
38.72,1.69,2.67,1593,0
46.43,1.78,3.18,1463,0
61.09,2.87,5.29,1009,1
60.97,2.9,3.24,1323,1
45.06,1.27,2.74,1559,0
44.26,1.22,3.02,1527,0
39.86,1.09,3.41,1463,0
45.93,1.44,2.73,1510,0
41.66,0.76,3.11,1485,0
37.95,1.42,2.47,1469,0
49.74,1.61,3.12,1582,0
60.47,2.77,4.36,1429,1
43.56,1.37,2.99,1506,0
42.06,1.49,3.35,1388,0
47.0,1.17,2.92,1655,0
44.61,1.37,3.1,1482,0
38.48,1.96,3.07,1490,0
40.82,1.62,3.27,1363,0
40.08,1.49,2.89,1490,0
53.3,1.41,2.57,1545,0
43.35,1.36,3.1,1476,0
37.47,1.84,3.84,1586,0
48.38,1.7,2.96,1408,0
45.24,0.96,3.42,1517,0
47.62,1.04,3.06,1556,0
45.63,1.2,2.63,1500,0
41.66,1.33,3.07,1563,0
47.41,1.72,3.04,1382,0
44.67,1.3,3.04,1312,0
58.37,3.04,4.74,1232,1
38.1,1.18,2.56,1425,0
44.6,1.34,3.08,1400,0
43.76,0.8,3.05,1478,0
45.54,1.4,2.7,1564,0
48.18,1.42,2.78,1437,0
42.51,1.42,3.77,1572,0
40.24,1.52,3.05,1445,0
47.16,1.19,3.59,1482,0
81.73,4.57,4.95,1342,1
66.45,2.82,3.58,1348,1
44.0,1.62,3.39,1390,0
50.48,1.38,3.19,1528,0
73.42,1.79,4.74,1036,1
48.82,1.51,3.67,1453,0
41.69,2.01,3.01,1432,0
64.42,3.14,3.97,1240,1
44.12,1.19,3.15,1422,0
46.25,1.24,2.74,1517,0
42.47,1.8,2.63,1457,0
45.79,1.42,2.47,1569,0
42.19,1.22,2.41,1433,0
44.14,1.31,2.74,1481,0
43.19,1.28,2.9,1512,0
47.29,1.6,3.1,1501,0
42.69,1.09,2.76,1514,0
45.5,1.78,2.53,1432,0
44.52,1.47,2.31,1601,0
45.42,1.82,3.07,1601,0
44.08,1.09,3.03,1527,0
49.1,2.55,4.55,1002,1
44.01,1.36,2.56,1485,0
57.45,1.27,3.41,1486,0
43.61,1.43,2.38,1541,0
39.53,1.86,3.04,1468,0
41.74,1.61,3.23,1473,0
46.9,1.52,2.58,1456,0
55.94,2.74,4.34,1240,1
48.19,1.43,2.8,1482,0
48.35,1.5,2.92,1638,0
45.67,1.36,3.38,1490,0
42.66,1.55,2.79,1436,0
41.14,1.26,3.35,1314,0
43.82,1.1,3.14,1523,0
60.38,3.66,3.24,1281,1
40.49,1.98,3.07,1451,0
44.54,1.04,2.69,1477,0
72.15,3.52,3.31,1431,1
45.39,1.81,2.56,1366,0
36.39,1.46,3.58,1436,0
48.24,1.53,3.13,1416,0
37.07,1.24,1.85,1452,0
50.03,1.81,3.41,1511,0
46.97,1.25,2.9,1531,0
41.84,1.67,3.21,1390,0
45.05,1.3,3.12,1402,0
45.74,1.05,2.32,1458,0
47.41,1.09,3.37,1510,0
37.15,1.25,2.93,1419,0
46.11,1.28,3.18,1489,0
46.48,1.39,2.69,1318,0
46.39,1.28,3.01,1456,0
53.44,1.62,3.98,1174,1
44.11,1.32,3.23,1579,0
40.32,1.08,3.16,1520,0
45.34,1.18,3.24,1520,0
61.91,3.28,4.85,1363,1
41.11,1.43,3.13,1485,0
43.87,1.47,2.91,1502,0
50.82,1.68,2.67,1697,0
50.01,1.55,2.62,1462,0
45.71,1.64,2.67,1580,0
70.86,4.06,4.74,1405,1
47.89,1.12,3.14,1451,0
74.4,2.81,2.93,1139,1
80.51,2.71,4.49,1247,1
49.77,1.43,3.35,1436,0
44.53,1.47,2.48,1563,0
45.19,1.25,3.11,1493,0
48.29,1.84,2.99,1480,0
42.39,1.72,3.07,1432,0
52.87,2.94,4.92,956,1
48.58,1.35,3.18,1534,0
63.47,3.57,4.5,965,1
37.8,1.56,2.77,1454,0
47.05,1.72,2.66,1615,0
71.68,4.18,5.5,1188,1
64.89,3.44,3.97,1353,1
48.14,1.3,3.74,1539,0
36.6,1.34,2.55,1388,0
48.9,1.67,2.59,1543,0
49.43,1.15,3.42,1274,0
49.77,1.02,3.55,1567,0
46.8,1.12,2.85,1573,0
42.38,1.13,3.66,1451,0
43.91,1.25,2.49,1576,0
41.7,1.24,3.01,1614,0
44.3,1.39,3.21,1490,0
77.3,3.23,3.74,1338,1
44.22,1.39,3.58,1522,0
42.28,1.27,2.83,1598,0
46.64,1.6,2.6,1562,0
43.01,1.4,3.45,1504,0
39.37,0.95,3.09,1431,0
69.89,2.89,4.13,1126,1
52.48,1.08,2.9,1380,0
38.81,1.74,2.8,1514,0
45.93,1.38,3.57,1487,0
38.73,1.38,2.9,1468,0
38.45,1.31,3.09,1486,0
68.34,4.28,5.37,1627,1
38.32,1.34,3.03,1394,0
57.04,2.77,3.92,1238,1
44.12,1.12,3.73,1412,0
48.3,1.37,3.24,1441,0
44.1,1.2,2.53,1453,0
48.44,1.6,2.63,1562,0
39.09,1.58,3.09,1327,0
66.27,3.71,5.21,1426,1
62.89,3.15,3.25,1172,1
44.44,1.43,2.65,1424,0
44.19,1.33,2.52,1395,0
44.31,1.62,3.28,1411,0
55.64,3.47,5.01,1082,1
69.4,3.02,3.69,1233,1
44.09,1.37,3.19,1533,0
37.09,1.36,3.23,1472,0
46.68,1.09,3.84,1547,0
43.09,1.25,3.18,1536,0
45.78,1.75,2.45,1473,0
41.25,1.29,2.8,1530,0
75.2,1.84,3.59,1373,1
48.86,1.27,3.12,1602,0
60.57,3.88,5.17,769,1
44.18,1.36,3.39,1433,0
46.58,1.17,3.15,1342,0
45.47,1.6,2.96,1439,0
46.71,1.57,2.48,1536,0
44.83,1.78,2.53,1480,0
42.43,1.15,2.75,1419,0
45.05,1.35,3.3,1416,0
43.56,1.41,2.42,1363,0
41.35,1.39,3.02,1741,0
42.04,1.21,3.11,1447,0
65.94,3.24,4.25,1341,1
37.52,1.07,2.56,1437,0
39.4,1.73,3.52,1495,0
44.05,1.47,2.25,1340,0
47.06,0.96,3.02,1506,0
41.9,1.62,3.23,1474,0
66.05,2.27,3.92,1206,1
53.79,1.41,3.01,1468,0
42.9,1.71,3.09,1299,0
41.87,0.84,3.12,1415,0
47.93,1.66,2.29,1472,0
48.45,1.55,2.54,1606,0
40.05,1.3,2.39,1433,0
62.07,2.37,5.01,1452,1
50.37,1.03,2.46,1536,0
43.85,1.13,3.0,1649,0
65.52,3.82,4.11,1310,1
63.49,2.94,4.01,1346,1
64.52,2.35,4.11,1277,1
38.22,1.3,3.05,1578,0
49.14,1.51,3.62,1485,0
70.22,3.94,4.96,1181,1
44.9,1.13,3.05,1534,0
42.61,1.35,3.36,1469,0
49.13,1.14,3.27,1522,0
42.8,1.25,2.95,1551,0
65.47,2.84,3.63,1467,1
48.45,1.82,3.1,1536,0
45.28,1.18,3.53,1389,0
47.55,1.19,2.82,1570,0
42.58,1.68,3.1,1594,0
42.51,0.92,3.6,1440,0
43.76,1.74,2.73,1433,0
52.27,1.45,2.99,1470,0
65.91,2.09,5.08,1352,1
48.98,1.66,3.07,1536,0
47.02,1.59,2.39,1403,0
42.15,1.89,2.19,1449,0
44.84,1.58,2.97,1494,0
58.82,3.22,5.02,1038,1
65.74,3.45,4.99,1424,1
45.59,1.33,3.21,1474,0
45.22,1.37,2.67,1519,0
50.77,1.03,2.98,1491,0
41.65,1.88,2.59,1479,0
42.61,1.13,3.31,1511,0
63.82,3.41,3.98,1353,1
70.57,3.05,3.18,1257,1
44.73,1.35,3.5,1539,0
48.83,1.68,2.81,1560,0
57.48,2.35,5.12,1196,1
33.58,1.55,2.51,1496,0
42.06,1.56,3.27,1561,0
42.29,1.78,3.4,1516,0
45.77,1.06,3.23,1416,0
40.49,1.86,2.89,1483,0
43.48,1.23,3.38,1525,0
43.19,1.29,2.8,1483,0
49.95,1.63,3.11,1542,0
42.93,1.59,3.38,1519,0
42.08,1.32,3.47,1481,0
66.64,3.08,3.61,1256,1
43.33,1.58,2.96,1411,0
46.44,1.4,3.11,1493,0
41.16,1.53,2.62,1462,0
44.86,1.29,3.18,1376,0
44.9,1.55,3.33,1715,0
74.42,2.19,4.06,1366,1
41.44,1.19,3.29,1380,0
41.34,1.51,2.78,1469,0
42.68,1.19,3.01,1500,0
48.4,1.67,3.08,1384,0
63.92,2.5,4.82,961,1
48.19,1.45,3.35,1442,0
44.32,1.83,2.81,1632,0
57.91,3.45,4.21,1263,1
45.55,1.89,2.59,1371,0
77.66,2.67,5.12,1339,1
64.82,3.36,5.08,1121,1
41.37,1.37,2.76,1491,0
39.75,1.33,3.21,1466,0
40.52,1.38,3.11,1514,0
45.71,1.38,2.39,1686,0
42.02,1.29,2.81,1314,0
42.31,1.7,3.07,1552,0
66.05,3.26,5.14,1344,1
46.0,1.32,2.75,1580,0
49.12,1.37,2.76,1468,0
43.55,1.51,2.54,1418,0
46.27,1.24,3.43,1543,0
42.33,1.8,3.34,1666,0
48.59,1.4,2.97,1569,0
48.28,1.23,3.36,1606,0
42.54,1.31,2.97,1478,0
49.61,1.5,2.36,1616,0
59.42,2.63,4.4,986,1
35.94,1.25,3.18,1444,0
45.99,1.36,2.8,1427,0
49.33,1.39,3.28,1569,0
40.84,1.31,2.55,1452,0
42.82,0.59,2.53,1586,0
40.68,1.53,3.02,1348,0
88.35,3.36,3.82,1296,1
44.22,1.25,2.91,1650,0
42.57,1.62,2.82,1519,0
76.06,2.81,4.98,1311,1
45.89,1.57,3.41,1344,0
48.28,1.63,2.79,1390,0
45.69,1.19,3.47,1535,0
43.44,1.49,2.92,1472,0
52.67,2.57,3.93,1334,1
50.04,1.74,2.53,1580,0
39.06,1.18,2.85,1452,0
45.22,1.56,3.5,1549,0
41.67,1.2,3.26,1496,0
46.44,1.42,2.62,1574,0
48.49,1.63,3.26,1593,0
42.32,1.12,2.69,1450,0
56.01,2.63,4.57,1199,1
47.04,1.3,2.76,1455,0
68.96,2.99,5.42,1790,1
45.67,1.37,3.01,1487,0
38.57,1.38,3.74,1638,0
68.05,2.72,4.51,1443,1
64.57,2.85,4.47,1271,1
49.49,1.38,3.05,1610,0
44.34,1.47,2.95,1512,0
39.82,1.38,3.58,1560,0
45.97,1.11,2.82,1540,0
44.06,1.86,2.79,1419,0
49.87,1.14,2.96,1426,0
46.71,1.04,3.08,1623,0
37.25,1.19,2.55,1482,0
42.58,1.57,3.31,1538,0
59.2,2.93,4.09,1385,1
55.4,1.4,2.85,1483,0
41.93,1.29,3.08,1396,0
56.17,1.3,2.88,1544,0
42.55,1.42,3.65,1508,0
62.9,3.8,4.77,1177,1
49.94,1.84,3.15,1534,0
49.48,1.19,3.05,1428,0
39.0,1.89,3.07,1497,0
44.74,0.71,2.82,1389,0
41.02,1.77,3.02,1505,0
53.4,1.7,2.94,1527,0
44.99,1.43,3.18,1590,0
42.28,1.72,3.04,1620,0
40.11,1.52,3.33,1569,0
60.44,3.53,4.64,1036,1
48.58,1.63,2.65,1484,0
44.81,1.24,2.82,1594,0
39.07,1.76,2.38,1459,0
46.01,1.52,2.85,1345,0
42.99,1.46,3.45,1505,0
36.39,1.24,3.11,1612,0
55.77,1.53,3.45,1423,0
48.49,1.4,2.67,1560,0
47.36,1.27,2.66,1312,0
70.38,2.6,4.95,1491,1
44.26,1.01,2.85,1531,0
40.14,1.59,2.62,1483,0
42.55,1.11,2.61,1537,0
40.04,1.85,2.55,1541,0
47.98,1.76,3.11,1509,0
46.93,1.38,2.6,1495,0
55.32,2.07,4.07,1568,1
62.79,3.08,4.25,1671,1
51.67,1.57,2.49,1635,0
48.01,1.68,3.64,1364,0
50.45,1.31,3.13,1636,0
46.19,0.86,2.73,1519,0
60.7,1.47,2.92,1508,0
40.2,1.22,2.84,1452,0
41.13,1.45,2.88,1503,0
45.33,1.44,2.94,1424,0
53.5,2.36,3.96,1236,1
49.26,1.31,3.02,1585,0
48.41,1.07,3.02,1379,0
47.27,1.62,3.17,1613,0
49.21,1.4,3.26,1490,0
40.16,0.93,3.21,1717,0
46.35,1.49,2.69,1553,0
44.43,1.82,2.77,1488,0
44.42,1.32,2.73,1405,0
52.39,1.51,3.66,1498,0
53.04,1.06,2.81,1478,0
69.75,2.46,3.14,1288,1
43.26,1.7,2.87,1512,0
44.93,1.39,2.71,1461,0
56.34,2.77,3.94,1185,1
45.44,1.44,3.42,1467,0
61.2,3.21,5.47,1246,1
47.02,1.33,3.62,1709,0
41.95,1.17,3.23,1498,0
45.57,0.93,2.73,1459,0
47.19,1.71,2.23,1565,0
54.89,3.13,4.44,1191,1
45.87,1.24,2.89,1544,0
56.98,2.96,3.21,1084,1
49.78,1.8,3.14,1478,0
52.77,1.27,2.79,1527,0
44.79,1.66,2.76,1441,0
41.01,1.57,3.02,1627,0
41.14,1.99,3.02,1379,0
45.73,1.71,3.19,1475,0
40.72,1.45,2.72,1581,0
61.19,3.07,5.01,1145,1
47.13,1.34,3.08,1577,0
45.31,1.37,2.65,1362,0
43.57,1.29,3.55,1433,0
42.12,1.61,2.53,1465,0
54.61,1.8,2.74,1457,0
40.97,1.03,2.87,1558,0
57.39,3.1,4.02,1128,1
45.25,1.12,3.51,1561,0
63.97,3.59,3.83,1242,1
58.27,3.16,5.05,1223,1
45.13,1.74,3.22,1420,0
56.64,3.68,4.97,1496,1
43.16,1.7,3.2,1460,0
40.54,1.58,3.12,1545,0
47.28,1.79,2.98,1335,0
50.38,1.42,2.58,1556,0
41.63,1.21,2.76,1520,0
34.19,1.73,2.89,1385,0
40.83,1.6,2.87,1541,0
45.37,1.71,3.08,1448,0
48.24,1.62,3.1,1469,0
62.91,3.47,4.29,1341,1
68.52,3.37,4.16,1388,1
62.92,3.76,3.72,1282,1
41.0,1.43,2.66,1455,0
39.02,1.77,3.15,1525,0
53.13,3.38,5.74,1160,1
53.93,1.46,2.86,1569,0
42.37,1.23,3.48,1454,0
42.55,1.5,3.18,1453,0
43.79,1.73,2.97,1513,0
40.94,1.07,2.98,1514,0
46.17,1.06,2.82,1366,0
72.71,3.3,5.71,1102,1
45.04,1.27,3.02,1426,0
46.75,1.71,3.1,1586,0
47.46,1.41,2.33,1423,0
48.04,1.46,3.45,1474,0
42.93,1.43,3.21,1558,0
52.87,2.74,3.96,1155,1
44.97,1.72,3.49,1636,0
69.56,3.46,4.56,1383,1
44.74,1.28,2.8,1652,0
45.99,1.43,2.85,1507,0
45.86,1.69,3.5,1566,0
50.38,1.49,3.0,1507,0
72.92,3.46,3.32,1248,1
46.33,1.8,3.03,1363,0
46.04,1.48,3.28,1483,0
45.44,1.37,2.66,1636,0
51.85,1.23,2.78,1517,0
40.41,1.45,3.04,1643,0
44.14,1.87,2.53,1426,0
45.25,1.71,2.38,1554,0
63.27,4.65,3.66,1192,1
41.49,1.54,2.83,1447,0
67.85,3.51,3.89,1324,1
55.08,3.78,4.53,1483,1
45.63,1.35,3.02,1494,0
45.78,1.24,2.72,1483,0
42.8,1.41,2.42,1464,0
48.04,1.34,3.05,1553,0
48.42,1.76,2.9,1356,0
41.54,1.46,2.74,1536,0
42.76,1.29,2.82,1575,0
68.22,2.45,3.22,1490,1
46.9,1.15,2.46,1546,0
49.49,1.44,3.46,1496,0
51.89,1.23,3.01,1494,0
48.02,1.46,3.24,1491,0
61.27,3.21,3.7,1558,1
47.06,2.5,4.29,1202,1
53.35,1.58,2.34,1492,0
49.68,1.87,3.54,1476,0
51.22,1.28,3.09,1601,0
48.33,1.6,2.99,1442,0
62.8,1.97,3.93,1293,1
73.22,3.21,3.74,1250,1
36.69,1.38,3.48,1406,0
45.69,1.43,3.64,1470,0
47.37,1.62,2.79,1482,0
38.99,1.45,2.62,1451,0
61.89,2.1,4.8,991,1
51.01,1.22,3.12,1434,0
44.22,1.51,2.97,1581,0
49.15,1.59,3.0,1454,0
46.15,1.48,3.15,1532,0
76.52,2.67,3.92,1277,1
44.92,1.56,2.63,1448,0
57.44,2.44,3.69,1279,1
46.42,1.02,3.11,1501,0
48.49,1.53,3.14,1795,0
41.29,1.78,3.11,1472,0
44.27,1.19,3.66,1638,0
48.36,1.24,3.11,1636,0
48.33,1.11,2.8,1535,0
44.77,1.2,3.23,1696,0
50.53,2.34,4.33,1257,1
46.79,1.31,3.05,1591,0
53.39,4.04,4.68,980,1
50.57,1.32,3.08,1462,0
40.98,1.41,3.38,1484,0
41.02,1.72,2.99,1470,0
43.73,1.52,3.48,1489,0
43.8,1.43,2.66,1548,0
44.95,1.75,2.76,1522,0
67.75,2.23,5.49,1528,1
61.84,3.06,4.28,1224,1
54.16,2.19,4.06,1159,1
46.27,1.45,3.2,1619,0
66.11,3.46,5.35,1319,1
51.76,0.63,3.06,1558,0
42.29,1.55,2.96,1458,0
43.35,1.41,3.54,1658,0
47.98,0.88,3.29,1544,0
40.0,1.51,2.96,1497,0
69.44,2.07,5.36,1309,1
45.9,1.38,2.98,1548,0
46.28,1.38,2.96,1505,0
41.71,1.17,3.19,1482,0
58.32,2.14,4.33,1171,1
70.37,2.03,4.27,1310,1
42.34,1.23,2.43,1440,0
45.34,0.97,3.63,1562,0
46.11,1.5,3.45,1536,0
56.65,3.33,4.41,1256,1
50.0,1.78,2.62,1631,0
41.82,1.56,3.01,1590,0
38.55,1.25,2.92,1407,0
51.46,1.34,3.19,1511,0
40.4,1.5,2.97,1489,0
46.77,1.22,3.35,1333,0
47.15,1.3,2.93,1457,0
49.06,1.03,2.71,1581,0
46.16,1.25,2.37,1476,0
72.09,2.74,3.69,968,1
42.99,1.27,3.45,1562,0
35.48,1.57,3.01,1510,0
46.97,1.44,3.2,1350,0
64.62,3.76,5.04,1291,1
41.42,1.46,2.35,1447,0
49.26,1.53,3.07,1575,0
57.53,3.86,4.59,1154,1
39.37,1.31,2.95,1435,0
43.45,1.87,2.68,1566,0
48.59,1.52,2.97,1564,0
42.16,1.16,3.32,1599,0
41.44,1.45,3.11,1629,0
82.06,2.69,5.35,1471,1
82.75,3.2,4.4,1843,1
63.95,4.1,4.94,1039,1
47.49,1.5,3.08,1412,0
60.18,3.38,3.7,1394,1
46.51,1.75,2.68,1470,0
39.67,1.54,3.1,1525,0
41.31,1.0,3.2,1547,0
41.39,1.45,2.75,1493,0
37.56,1.71,2.87,1519,0
55.67,1.24,2.85,1628,0
48.06,1.24,3.69,1446,0
75.83,2.95,4.62,1235,1
46.03,1.8,2.84,1455,0
57.88,3.94,4.55,845,1
40.99,1.64,2.98,1684,0
49.16,1.29,3.42,1533,0
40.1,1.39,2.8,1555,0
55.89,1.35,2.3,1622,0
55.27,3.03,4.98,1302,1
40.8,1.17,3.19,1482,0
42.74,1.36,2.89,1520,0
44.15,1.63,2.37,1539,0
45.33,1.82,3.13,1491,0
44.77,1.67,2.65,1524,0
47.71,1.44,2.94,1489,0
67.06,4.48,2.94,1286,1
40.79,0.8,2.94,1590,0
42.51,1.04,2.44,1430,0
44.92,1.78,3.41,1468,0
38.27,1.12,2.42,1584,0
47.21,1.42,3.45,1508,0
47.43,1.48,3.05,1466,0
43.94,1.13,2.76,1626,0
45.85,1.21,2.9,1506,0
79.93,2.63,4.48,1368,1
37.37,1.33,2.75,1518,0
63.39,3.45,5.01,1429,1
39.98,1.41,3.31,1579,0
41.4,1.32,3.34,1544,0
51.42,1.48,2.94,1569,0
44.44,1.49,2.53,1386,0
40.2,1.05,3.04,1476,0
38.15,1.63,2.46,1607,0
43.18,0.96,3.44,1460,0
66.41,4.08,5.88,940,1
66.99,2.9,4.19,1114,1
38.85,1.47,3.03,1441,0
41.08,1.43,3.3,1637,0
71.9,2.44,5.76,1181,1
68.78,1.23,4.35,1231,1
48.58,1.37,3.21,1366,0
47.91,1.3,3.4,1515,0
60.19,2.47,5.12,1018,1
52.97,1.03,3.49,1515,0
52.42,1.3,3.06,1412,0
70.19,2.45,4.97,1260,1
42.58,1.3,3.3,1576,0
42.44,2.02,2.93,1475,0
53.57,1.62,3.25,1473,0
44.19,1.48,2.74,1368,0
46.84,0.98,3.36,1608,0
37.88,1.48,3.42,1436,0
43.55,1.3,3.2,1453,0
42.06,1.56,2.89,1577,0
44.08,1.07,3.22,1453,0
74.37,3.56,5.37,1310,1
44.34,0.91,2.95,1569,0
39.03,1.44,2.63,1320,0
66.66,3.19,5.31,1503,1
40.59,1.41,2.44,1395,0
48.41,1.91,2.87,1425,0
45.91,1.43,3.14,1544,0
39.45,1.13,3.82,1584,0
51.52,1.17,3.6,1586,0
41.43,1.03,2.92,1371,0
49.06,1.38,3.14,1443,0
49.33,1.46,3.22,1635,0
64.53,2.82,3.93,1228,1
52.14,1.66,3.21,1573,0
53.58,1.66,2.58,1444,0
45.5,1.18,2.8,1519,0
44.34,0.93,2.81,1581,0
43.18,1.21,3.17,1563,0
48.83,1.54,3.02,1587,0
43.19,1.53,2.99,1544,0
39.45,1.4,3.67,1559,0
37.31,1.41,2.98,1456,0
46.52,1.66,3.21,1462,0
54.11,1.43,2.62,1481,0
49.5,1.35,2.76,1493,0
49.5,1.45,2.75,1572,0
43.9,1.38,3.62,1464,0
74.29,2.51,4.56,1484,1
46.98,1.46,3.02,1540,0
45.37,1.33,3.0,1601,0
47.33,1.38,3.22,1431,0
55.94,3.5,4.34,1048,1
42.4,1.72,3.15,1446,0
47.45,1.59,2.88,1361,0
43.28,1.46,2.83,1475,0
45.33,1.52,2.33,1380,0
42.87,1.13,3.31,1589,0
53.3,1.26,2.61,1657,0
45.56,1.45,2.58,1513,0
70.54,2.72,3.37,896,1
47.75,2.54,4.05,1365,1
39.61,1.53,2.79,1560,0
46.64,1.7,2.93,1530,0
47.7,1.49,2.02,1617,0
73.34,3.45,4.01,1175,1
79.92,3.3,5.66,1125,1
72.93,2.42,4.39,1272,1
47.36,1.38,2.89,1693,0
48.3,1.31,2.81,1485,0
45.3,1.78,2.82,1498,0
45.94,1.45,3.57,1510,0
48.56,1.42,3.54,1398,0
52.09,2.25,5.19,982,1
42.8,1.41,2.7,1560,0
39.58,1.54,2.84,1566,0
46.68,0.9,2.93,1516,0
54.83,2.75,3.11,1057,1
45.63,1.64,2.61,1447,0
48.58,1.35,3.12,1466,0
59.73,3.59,4.09,1166,1
45.68,1.17,3.54,1538,0
44.93,1.7,2.81,1480,0
79.61,2.42,3.93,1137,1
43.32,1.81,2.71,1352,0
37.61,1.15,3.19,1365,0
50.99,1.37,3.11,1411,0
49.16,1.61,3.11,1505,0
43.34,1.46,3.33,1434,0
39.52,1.58,3.2,1461,0
41.33,0.98,2.83,1408,0
51.3,1.5,3.02,1388,0
57.51,2.78,4.48,1327,1
42.79,1.17,3.11,1434,0
48.86,0.96,2.94,1455,0
69.75,3.05,5.04,1314,1
39.27,1.57,2.86,1469,0
47.15,1.67,3.13,1515,0
42.29,1.29,2.46,1500,0
67.85,3.06,5.07,1408,1
66.98,3.02,3.71,1056,1
47.63,1.21,2.76,1597,0
38.9,0.69,2.39,1476,0
43.53,1.55,3.07,1568,0
45.34,1.6,3.35,1525,0
68.23,2.35,5.48,1566,1
59.7,3.89,3.9,1014,1
41.87,2.01,2.84,1474,0
42.98,1.44,3.21,1537,0
46.35,1.0,2.57,1505,0
65.17,3.04,4.1,1171,1
42.1,1.3,2.27,1545,0
62.48,3.71,5.4,1488,1
42.19,1.44,3.12,1444,0
48.81,1.26,2.25,1543,0
51.51,1.44,3.23,1471,0
72.0,2.75,5.31,1402,1
64.66,2.97,4.41,1491,1
38.87,1.47,2.93,1603,0
41.69,0.89,3.04,1616,0
48.5,1.09,2.92,1579,0
69.77,3.9,4.42,1350,1
68.92,2.6,3.76,837,1
50.02,1.63,2.94,1562,0
46.45,1.41,3.33,1480,0
43.05,1.32,3.36,1599,0
42.39,1.73,2.65,1409,0
47.28,1.19,2.81,1489,0
48.11,1.66,2.74,1432,0
46.97,1.24,3.39,1520,0
43.61,1.53,2.68,1514,0
43.2,1.39,2.9,1545,0
45.01,1.32,2.77,1580,0
50.13,1.53,3.32,1512,0
59.68,2.55,4.67,824,1
46.08,1.44,3.43,1529,0
49.83,1.58,3.29,1524,0
47.34,1.21,3.09,1475,0
48.24,1.16,3.09,1581,0
50.7,1.69,3.66,1575,0
44.08,1.4,3.48,1535,0
54.73,1.9,5.19,783,1
37.18,2.01,3.58,1477,0
51.27,0.89,3.21,1427,0
43.85,1.18,2.76,1449,0
48.0,1.11,3.11,1450,0
59.12,2.95,4.13,1156,1
56.51,3.35,4.67,1334,1
47.49,0.79,2.83,1533,0
49.47,1.51,2.84,1391,0
44.22,1.41,2.86,1551,0
62.4,2.31,5.08,1485,1
48.73,1.82,2.72,1524,0
44.71,1.56,3.06,1509,0
42.53,1.18,3.07,1601,0
46.46,1.23,2.96,1396,0
46.01,0.57,3.21,1652,0
47.99,1.37,2.73,1467,0
43.05,1.13,2.24,1552,0
43.31,1.25,3.35,1481,0
50.11,1.47,2.38,1325,0
42.25,1.24,2.94,1410,0
40.52,1.35,3.06,1466,0
39.54,1.46,2.53,1467,0
41.88,1.2,2.69,1457,0
41.99,1.53,2.79,1424,0
47.34,1.24,2.76,1439,0
68.78,3.65,4.95,1416,1
39.64,1.32,3.19,1547,0
50.07,1.68,2.6,1499,0
59.39,2.72,4.53,874,1
46.43,0.44,3.49,1418,0
47.92,1.44,3.59,1409,0
46.66,1.33,3.16,1532,0
44.3,1.42,3.02,1498,0
50.74,1.98,2.95,1635,0
52.14,1.5,2.48,1496,0
58.3,3.78,4.88,1375,1
44.73,0.85,3.12,1603,0
46.17,1.28,2.93,1466,0
42.82,0.62,2.71,1425,0
39.58,1.42,2.65,1538,0
43.96,1.37,3.4,1428,0
48.29,1.0,3.44,1602,0
46.34,1.57,2.89,1313,0
44.89,1.43,3.14,1562,0
54.09,1.39,2.52,1404,0
39.8,1.12,2.77,1538,0
56.15,3.32,3.71,1358,1
38.93,1.12,2.96,1495,0
52.18,1.27,3.01,1402,0
73.65,2.54,4.09,1230,1
39.88,1.38,3.05,1421,0
45.34,1.69,3.48,1561,0
46.9,1.66,2.96,1389,0
43.76,1.63,3.37,1509,0
68.71,3.03,3.31,1267,1
50.01,1.17,3.02,1490,0
43.22,1.27,3.02,1559,0
44.41,1.24,3.09,1480,0
42.02,1.56,3.36,1476,0
45.8,2.01,2.94,1432,0
72.52,3.16,4.91,1213,1
48.57,1.59,2.57,1507,0
46.61,1.39,3.35,1449,0
51.08,1.48,3.18,1359,0
46.48,1.34,3.12,1312,0
50.3,1.54,2.57,1402,0
40.62,0.7,2.79,1467,0
42.82,1.31,3.3,1444,0
58.39,3.01,4.72,1358,1
37.44,1.52,2.69,1412,0
39.54,1.16,3.72,1646,0
40.09,1.66,2.92,1497,0
46.82,1.79,3.34,1539,0
48.56,1.45,2.91,1526,0
51.3,1.12,2.67,1538,0
47.6,1.36,2.73,1522,0
42.31,1.45,3.41,1479,0
44.94,1.15,2.48,1485,0
51.7,2.89,5.69,1466,1
44.03,1.05,3.11,1552,0
47.17,1.07,3.05,1539,0
46.55,1.47,2.57,1523,0
45.38,1.39,2.85,1408,0
45.13,1.32,3.05,1587,0
46.21,1.36,3.54,1520,0
38.01,1.13,2.85,1456,0
63.15,3.33,4.24,1178,1
51.62,1.64,2.98,1444,0
44.63,1.08,3.5,1321,0
40.35,1.81,3.41,1685,0
45.11,1.16,3.0,1613,0
37.29,1.83,2.72,1322,0
44.82,1.58,3.29,1468,0
65.04,2.36,4.3,1376,1
49.04,1.23,3.37,1683,0
71.5,2.4,2.66,1371,1
43.12,1.27,3.13,1471,0
54.25,3.2,3.88,1534,1
40.13,1.27,3.22,1441,0
48.47,1.15,3.2,1683,0
49.41,1.89,2.74,1377,0
47.72,1.79,2.72,1472,0
49.69,1.61,3.26,1462,0
76.45,2.21,5.5,1513,1
67.49,2.35,4.93,929,1
48.03,1.76,2.09,1334,0
46.51,0.81,3.09,1526,0
71.5,2.86,5.55,1184,1
42.39,1.27,3.2,1602,0
43.01,1.72,2.53,1547,0
41.3,1.24,2.62,1496,0
43.83,1.43,2.64,1423,0
44.87,1.59,2.87,1539,0
65.48,2.97,4.51,1166,1
49.42,1.52,2.9,1518,0
47.01,1.08,3.17,1465,0
42.21,1.47,2.91,1430,0
79.81,3.08,4.62,1292,1
47.68,1.74,3.2,1399,0
45.76,1.32,3.14,1554,0
55.42,2.7,4.75,1413,1
44.13,1.03,3.11,1498,0
39.38,1.36,3.04,1549,0
43.27,1.94,2.39,1528,0
66.73,3.27,5.52,1285,1
42.36,1.36,2.8,1380,0
42.35,0.94,3.29,1435,0
41.07,1.84,3.13,1514,0
41.11,1.29,2.39,1585,0
40.43,0.8,3.16,1520,0
42.48,1.2,2.59,1634,0
46.92,1.43,2.81,1587,0
36.93,1.63,2.95,1516,0
53.64,1.61,2.59,1425,0
40.29,1.38,3.12,1428,0
47.39,1.77,2.98,1577,0
44.47,1.06,3.05,1523,0
40.89,1.34,3.31,1411,0
51.53,1.61,3.11,1376,0
42.72,1.24,3.41,1473,0
43.81,1.4,3.35,1429,0
43.16,0.91,3.09,1414,0
45.52,1.37,2.6,1583,0
45.0,1.51,2.76,1472,0
48.43,1.14,2.87,1527,0
45.57,1.75,3.31,1415,0
50.75,1.6,3.66,1353,0
40.3,1.75,3.25,1637,0
45.06,1.31,2.79,1491,0
48.33,1.56,3.04,1420,0
44.96,1.49,3.45,1461,0
67.88,2.98,4.04,1235,1
42.72,1.23,3.26,1550,0
46.85,1.21,3.19,1541,0
44.03,1.81,2.99,1421,0
71.73,3.27,4.82,955,1
35.39,1.11,2.99,1614,0
42.79,0.98,3.19,1630,0
51.65,1.19,3.18,1430,0
46.87,1.24,2.78,1485,0
67.83,3.35,4.13,1180,1
36.9,1.4,4.05,1595,0
68.05,3.79,4.04,1413,1
46.01,1.57,3.03,1533,0
42.18,1.44,2.75,1392,0
39.3,1.08,3.29,1459,0
44.02,1.02,3.01,1604,0
47.93,1.36,3.13,1450,0
45.32,1.42,2.91,1514,0
41.98,0.96,2.45,1563,0
69.83,3.26,4.1,1454,1
50.12,2.0,4.01,1534,0
72.54,3.8,3.24,1301,1
44.09,1.64,2.7,1424,0
75.77,3.6,4.7,1130,1
46.29,1.26,3.1,1407,0
48.25,1.0,3.17,1551,0
47.52,1.66,3.25,1464,0
48.65,1.03,3.14,1494,0
45.27,1.41,3.75,1481,0
36.5,1.42,2.69,1446,0
66.16,3.33,5.36,1416,1
43.53,1.59,2.45,1532,0
48.8,1.46,2.62,1454,0
48.91,0.56,2.89,1483,0
47.94,1.37,2.51,1554,0
41.66,1.17,3.27,1476,0
56.3,1.39,2.7,1560,0
38.9,1.35,2.61,1487,0
37.62,0.78,3.06,1519,0
36.22,1.43,3.34,1589,0
49.72,1.8,3.09,1387,0
69.39,2.85,3.53,859,1
42.98,0.91,2.84,1500,0
43.14,1.56,3.32,1606,0
49.12,1.2,3.05,1516,0
49.03,1.07,2.77,1525,0
48.39,1.11,3.38,1267,0
37.65,1.41,3.09,1380,0
61.79,3.1,3.92,1460,1
37.13,1.45,2.68,1567,0
68.05,1.97,5.03,1182,1
42.31,2.11,3.31,1605,0
80.64,2.78,4.49,1051,1
65.88,3.23,4.58,1129,1
48.96,1.58,3.58,1491,0
43.06,0.89,2.95,1539,0
44.84,1.27,2.51,1500,0
47.21,1.72,3.6,1511,0
43.07,1.36,3.44,1594,0
48.82,1.49,2.58,1573,0
49.32,1.46,2.83,1505,0
44.18,1.59,2.9,1510,0
50.31,1.56,2.46,1504,0
39.39,1.4,2.62,1485,0
59.11,2.72,4.62,1226,1
78.39,2.96,4.75,1430,1
43.72,1.56,2.7,1521,0
46.87,1.27,2.61,1430,0
45.75,1.44,3.68,1443,0
47.53,1.3,3.76,1644,0
73.32,2.46,4.17,1454,1
48.76,1.3,2.07,1426,0
43.77,1.18,2.6,1563,0
48.87,1.49,2.26,1484,0
44.18,1.35,3.04,1550,0
48.55,1.58,3.05,1600,0
71.6,2.26,3.72,1441,1
46.69,1.64,2.91,1494,0
46.68,1.13,2.99,1526,0
40.29,1.23,3.03,1451,0
38.79,0.95,2.6,1502,0
45.14,1.15,2.54,1621,0
41.05,1.14,3.42,1550,0
45.18,1.78,2.95,1309,0
43.94,1.59,2.98,1492,0
46.63,1.77,3.23,1447,0
36.73,1.34,3.12,1473,0
44.41,1.24,3.1,1543,0
42.37,1.56,3.17,1436,0
46.52,1.41,2.31,1453,0
44.71,1.3,3.14,1488,0
37.92,1.28,2.65,1506,0
42.8,0.96,3.22,1517,0
71.3,2.21,5.07,1264,1
50.42,1.59,2.27,1626,0
41.6,1.46,2.7,1668,0
44.11,1.04,2.96,1499,0
44.91,1.46,2.51,1655,0
44.74,1.43,3.26,1534,0
47.91,1.28,2.99,1439,0
47.12,0.94,2.82,1333,0
70.32,1.91,5.75,1426,1
45.08,1.24,2.94,1429,0
51.31,1.14,2.83,1500,0
54.36,2.73,4.3,1096,1
42.93,1.03,3.17,1562,0
48.38,1.36,2.92,1465,0
47.75,1.46,3.45,1418,0
45.45,1.74,3.34,1433,0
66.98,1.05,4.6,1230,1
46.42,1.29,3.17,1475,0
85.28,3.71,5.24,1214,1
41.95,1.61,3.57,1520,0
51.31,1.47,2.92,1520,0
65.51,3.0,5.34,1324,1
42.37,1.86,3.68,1437,0
47.89,1.3,3.25,1528,0
42.58,1.52,3.81,1552,0
47.66,1.48,2.81,1621,0
39.84,1.03,3.3,1531,0
60.12,2.55,3.97,1416,1
44.91,1.11,3.47,1601,0
74.99,2.68,4.75,1220,1
51.32,1.43,2.83,1591,0
46.06,0.81,3.18,1620,0
38.83,1.32,3.11,1532,0
38.25,1.25,2.92,1495,0
35.72,1.36,2.5,1400,0
43.63,1.86,3.47,1439,0
40.75,1.34,2.96,1476,0
51.4,1.35,2.63,1645,0
43.39,1.05,3.11,1424,0
50.5,1.36,3.82,1590,0
43.36,1.35,2.2,1491,0
39.4,1.59,2.65,1590,0
43.21,1.61,2.94,1497,0
48.86,1.29,3.42,1444,0
45.17,1.45,2.66,1433,0
46.09,1.38,2.34,1492,0
59.55,2.99,4.74,1051,1
48.13,1.04,3.02,1560,0
52.91,1.28,2.97,1400,0
41.86,0.87,3.26,1449,0
65.3,3.46,4.36,1443,1
44.94,1.12,3.54,1392,0
48.56,1.1,2.84,1577,0
44.59,1.72,3.39,1458,0
41.76,1.63,3.0,1421,0
46.23,1.59,2.79,1409,0
46.11,1.55,3.74,1579,0
53.68,1.25,3.77,1454,0
61.43,3.4,4.53,1628,1
60.53,4.4,5.18,1471,1
49.72,1.54,3.12,1444,0
45.69,1.57,3.18,1415,0
63.4,2.76,5.64,1101,1
42.47,1.73,2.6,1565,0
46.29,1.71,2.85,1658,0
49.2,1.22,3.35,1537,0
40.23,1.21,2.54,1537,0
41.05,1.68,2.4,1397,0
42.06,1.39,2.74,1362,0
66.41,3.12,3.32,953,1
45.62,1.69,2.58,1540,0
59.04,2.35,3.69,961,1
38.92,1.31,3.24,1496,0
45.14,0.99,2.58,1426,0
51.71,1.53,2.47,1483,0
44.27,1.31,2.67,1515,0
69.09,3.22,4.43,1412,1
50.57,1.19,2.29,1486,0
49.78,1.66,2.79,1535,0
62.5,2.91,3.39,1497,1
91.09,1.69,4.5,1603,1
45.89,1.32,3.3,1487,0
47.39,1.41,2.76,1435,0
43.68,1.44,3.67,1423,0
41.74,1.08,3.26,1502,0
67.69,2.16,4.42,1230,1
44.69,1.55,3.09,1497,0
68.75,3.75,3.7,897,1
46.37,1.81,3.11,1470,0
70.66,3.0,5.0,1248,1
45.27,1.18,3.25,1489,0
39.83,1.67,3.34,1598,0
44.09,1.29,2.7,1490,0
46.47,1.34,3.04,1402,0
44.01,1.84,3.28,1493,0
69.08,3.05,4.41,1023,1
70.41,3.28,3.92,1355,1
42.31,1.45,2.97,1500,0
52.32,0.97,3.69,1655,0
67.65,4.81,4.79,1361,1
38.61,1.23,3.42,1473,0
53.65,1.57,4.04,1334,0
45.09,1.45,3.18,1454,0
44.89,0.9,2.73,1544,0
49.13,1.48,2.47,1516,0
42.81,1.26,2.8,1632,0
43.88,1.42,3.07,1438,0
47.24,1.71,3.16,1448,0
44.72,1.2,2.99,1486,0
51.55,1.44,3.46,1443,0
40.13,1.18,2.03,1587,0
43.6,1.28,3.3,1482,0
34.18,1.55,2.3,1433,0
63.26,3.33,4.07,947,1
53.05,1.29,2.6,1510,0
43.35,0.98,2.94,1483,0
41.41,1.69,3.03,1530,0
50.41,1.72,2.86,1517,0
61.04,2.51,5.04,1281,1
61.26,2.53,4.27,1281,1
49.75,1.43,3.09,1441,0
46.89,1.82,3.37,1511,0
42.03,1.32,2.58,1405,0
42.64,1.21,2.73,1567,0
38.71,1.5,3.51,1381,0
45.88,1.19,3.21,1515,0
46.88,0.99,2.93,1458,0
66.19,3.79,5.02,1172,1
45.11,1.29,2.54,1666,0
73.62,1.86,3.53,1050,1
67.83,3.43,4.06,1023,1
68.93,3.43,5.51,1294,1
61.54,4.61,5.23,1378,1
35.78,1.2,3.29,1473,0
56.8,2.38,5.06,1239,1
71.73,3.6,5.3,1015,1
45.64,1.28,2.55,1535,0
43.85,1.5,2.97,1470,0
71.79,2.39,4.99,1183,1
49.36,1.57,2.66,1338,0
46.36,1.2,2.73,1522,0
46.31,1.66,2.91,1434,0
43.76,1.52,2.83,1474,0
41.38,1.57,2.96,1435,0
41.24,1.56,3.09,1510,0
47.15,1.78,3.62,1416,0
41.31,1.43,3.01,1525,0
50.8,1.46,3.22,1545,0
39.62,1.2,3.06,1377,0
46.8,1.13,2.73,1530,0
48.13,1.19,3.03,1364,0
41.09,1.21,3.24,1494,0
47.65,1.06,3.23,1457,0
67.47,1.72,5.83,1186,1
69.71,2.8,4.86,1097,1
71.73,2.77,5.34,1357,1
46.01,1.45,3.24,1432,0
44.6,1.13,2.92,1474,0
41.37,1.93,3.25,1517,0
48.36,1.84,3.05,1432,0
61.19,2.99,4.66,1633,1
47.38,1.74,2.66,1504,0
38.83,2.03,2.69,1515,0
65.61,2.48,4.38,1237,1
41.66,1.23,2.9,1565,0
42.82,1.57,2.22,1334,0
37.82,1.0,2.89,1768,0
45.31,1.56,2.56,1565,0
46.73,1.39,2.85,1485,0
49.79,1.59,3.02,1482,0
50.89,3.58,4.66,1157,1
54.99,1.85,3.18,1627,0
43.8,1.41,3.01,1488,0
40.72,1.4,3.34,1577,0
41.04,1.78,2.46,1441,0
61.99,3.18,4.41,1200,1
51.45,1.5,2.86,1560,0
43.58,1.09,3.7,1605,0
67.6,3.19,5.35,1339,1
48.31,1.84,2.88,1546,0
38.08,1.41,2.97,1487,0
59.8,2.46,6.06,1010,1
52.6,1.63,3.41,1501,0
68.23,2.81,3.52,1244,1
43.66,1.09,2.94,1468,0
45.33,1.76,3.48,1426,0
44.22,1.51,2.64,1504,0
71.55,3.16,5.43,1350,1
72.09,3.03,4.97,1188,1
44.22,1.42,2.58,1347,0
69.55,2.21,4.27,1428,1
67.09,3.13,5.42,1328,1
49.13,1.37,2.56,1511,0
44.84,0.82,2.94,1514,0
45.28,1.04,3.53,1483,0
51.52,3.02,4.93,1557,1
44.01,1.74,3.5,1454,0
43.7,1.7,2.98,1358,0
48.58,1.53,3.23,1384,0
44.85,1.01,2.69,1582,0
37.1,1.49,2.98,1440,0
45.87,1.32,3.03,1464,0
49.76,1.39,3.72,1410,0
46.94,1.16,2.31,1439,0
51.16,1.65,3.3,1335,0
55.81,1.8,2.4,1334,0
38.82,1.27,2.98,1553,0
66.72,2.54,4.27,1627,1
65.29,2.72,4.63,1218,1
37.96,1.22,3.32,1521,0
42.89,1.21,3.36,1396,0
50.24,1.01,3.18,1536,0
56.16,3.46,5.24,1365,1
44.51,1.17,2.86,1458,0
45.74,1.26,2.9,1390,0
40.75,1.35,3.08,1512,0
45.66,1.36,3.49,1393,0
45.87,1.58,2.93,1505,0
39.67,1.32,2.64,1486,0
67.5,3.16,4.71,821,1
42.42,1.25,3.13,1508,0
46.18,1.51,3.54,1505,0
41.89,1.34,2.63,1588,0
43.7,1.41,3.75,1415,0
47.92,1.65,3.27,1606,0
49.19,1.35,3.33,1416,0
46.01,1.48,3.52,1504,0
44.04,1.4,3.02,1558,0
43.17,1.32,3.83,1488,0
46.62,1.62,2.94,1523,0
47.37,1.45,2.77,1610,0
44.24,1.86,2.83,1576,0
65.21,3.74,4.23,1071,1
52.84,1.93,2.62,1344,0
46.34,1.6,3.1,1510,0
44.67,1.58,2.73,1427,0
48.76,1.38,2.7,1485,0
41.73,1.2,2.66,1661,0
40.02,1.42,2.87,1550,0
52.07,1.2,3.59,1509,0
43.3,1.27,3.13,1442,0
39.09,0.84,3.51,1581,0
50.48,1.76,2.68,1592,0
42.55,1.58,3.09,1515,0
42.75,1.79,2.39,1504,0
43.55,1.24,2.65,1386,0
39.2,1.19,3.3,1545,0
41.45,1.43,3.14,1418,0
50.06,1.47,2.78,1621,0
54.74,2.03,4.69,1329,1
36.91,1.45,2.87,1525,0
42.14,1.4,2.94,1363,0
44.14,1.71,2.47,1515,0
58.48,2.97,4.41,1319,1
67.14,2.26,5.36,1589,1
45.12,1.3,3.02,1495,0
49.39,1.6,3.23,1560,0
63.97,2.83,3.62,1521,1
72.37,1.95,5.03,1161,1
45.85,1.49,2.65,1569,0
45.79,1.51,2.72,1517,0
42.86,0.96,2.11,1570,0
43.96,1.29,3.28,1530,0
65.18,3.47,4.04,1598,1
36.12,1.41,3.48,1626,0
42.88,1.55,3.24,1650,0
53.85,1.29,2.94,1309,0
45.98,0.57,3.49,1532,0
46.04,1.36,3.46,1543,0
47.35,1.26,2.95,1699,0
45.98,2.05,2.84,1464,0
44.94,1.28,2.71,1519,0
48.81,1.16,2.83,1552,0
47.43,1.16,3.02,1507,0
46.39,1.63,2.86,1479,0
52.28,1.39,3.27,1585,0
43.19,1.48,3.39,1425,0
61.51,4.11,4.03,983,1
42.84,1.48,3.66,1499,0
71.87,2.98,3.76,1205,1
41.82,1.32,3.2,1474,0
46.28,1.42,3.41,1422,0
75.79,2.93,4.45,1453,1
46.52,1.65,2.76,1422,0
46.29,1.13,3.54,1599,0
61.79,2.84,6.15,1256,1
39.53,1.55,3.3,1396,0
42.71,1.98,2.49,1470,0
42.05,1.61,3.14,1487,0
42.74,1.29,3.13,1477,0
71.9,3.74,3.24,1367,1
40.68,1.53,3.17,1506,0
59.23,3.13,5.1,1153,1
41.52,0.98,3.25,1341,0
46.69,1.63,2.74,1676,0
81.44,2.13,3.62,1280,1
63.61,3.12,5.42,1171,1
49.55,1.53,2.84,1497,0
46.72,1.3,3.22,1530,0
48.69,1.46,3.21,1511,0
65.76,2.68,4.43,1060,1
46.73,1.39,2.95,1564,0
43.51,1.52,3.17,1534,0
40.07,1.39,2.86,1362,0
43.05,1.31,2.92,1600,0
43.95,1.61,2.48,1500,0
51.14,1.17,3.18,1485,0
63.37,2.39,3.98,1135,1
65.43,3.32,4.72,1205,1
49.01,1.63,2.81,1325,0
50.16,1.7,2.77,1501,0
47.95,1.35,3.07,1574,0
44.67,1.53,3.0,1468,0
41.17,1.64,2.91,1413,0
46.65,1.23,2.97,1443,0
63.08,3.28,4.4,1397,1
49.25,1.42,2.88,1544,0
49.34,1.74,2.8,1635,0
41.66,1.54,3.01,1501,0
44.26,1.09,2.88,1584,0
43.63,1.39,2.91,1626,0
41.78,1.61,2.65,1717,0
37.14,0.93,3.06,1529,0
38.17,1.53,3.09,1541,0
42.98,1.3,2.78,1404,0
56.97,2.96,4.03,1074,1
47.2,1.38,3.14,1451,0
78.11,3.45,3.76,990,1
50.93,1.42,2.33,1493,0
38.33,2.08,3.02,1573,0
75.94,3.35,4.7,1499,1
60.5,2.36,5.24,1065,1
45.5,1.3,3.59,1418,0
62.27,3.06,3.55,1078,1
44.18,1.23,2.96,1441,0
60.8,3.08,5.06,1256,1
64.23,4.24,5.05,1291,1
51.37,1.41,3.71,1539,0
46.72,1.47,3.06,1466,0
40.83,1.19,2.78,1521,0
48.89,1.4,2.9,1534,0
50.21,1.57,3.03,1633,0
43.57,1.73,3.22,1594,0
45.4,1.24,3.42,1556,0
44.71,1.27,3.29,1434,0
39.36,1.49,2.64,1588,0
47.52,1.81,2.59,1470,0
63.78,3.31,3.99,1125,1
43.09,1.2,2.78,1556,0
71.67,2.68,4.72,1135,1
49.56,1.71,2.93,1481,0
44.39,1.4,2.93,1526,0
61.26,2.18,5.27,1025,1
62.23,3.09,3.09,1318,1
46.97,1.2,3.29,1543,0
57.5,2.68,4.57,1216,1
53.39,0.98,2.94,1450,0
46.6,1.36,3.43,1569,0
48.89,1.18,3.32,1552,0
45.45,1.32,2.57,1496,0
44.57,1.64,3.15,1426,0
42.96,1.35,2.8,1498,0
54.91,2.22,3.58,988,1
47.19,1.61,2.72,1554,0
44.93,1.59,2.34,1483,0
41.31,1.54,3.01,1533,0
45.12,1.24,3.05,1499,0
49.78,1.45,2.91,1637,0
46.75,1.16,2.92,1407,0
44.14,1.55,2.71,1624,0
43.89,1.41,3.4,1376,0
42.94,1.89,2.47,1494,0
50.23,1.22,2.98,1562,0
45.85,1.62,2.79,1417,0
44.41,1.49,3.06,1529,0
41.18,1.38,2.72,1433,0
49.16,1.71,2.53,1547,0
44.74,0.88,1.65,1461,0
69.91,2.72,5.42,1199,1
73.79,3.19,3.56,995,1
42.95,1.2,2.65,1564,0
46.98,1.78,3.27,1504,0
47.62,1.67,3.36,1544,0
47.39,1.25,3.15,1583,0
43.32,1.33,3.12,1477,0
40.93,1.24,3.21,1598,0
41.99,1.82,3.11,1574,0
43.6,1.24,2.94,1597,0
72.75,3.64,3.58,963,1
39.43,1.7,3.1,1526,0
40.21,1.8,3.56,1421,0
40.88,1.5,2.87,1531,0
61.95,2.51,4.66,1116,1
44.82,1.48,2.81,1641,0
49.26,1.55,3.01,1483,0
42.55,1.75,3.46,1518,0
43.96,1.22,3.19,1544,0
49.38,1.45,3.21,1566,0
40.84,1.55,2.74,1435,0
41.56,1.25,2.67,1708,0
51.69,1.45,3.23,1465,0
48.82,1.18,2.92,1550,0
44.87,1.75,3.47,1401,0
46.2,1.45,2.53,1490,0
42.42,1.45,2.56,1543,0
43.37,1.02,2.87,1642,0
39.82,1.25,3.19,1498,0
67.3,2.57,3.64,1361,1
44.19,1.26,3.31,1537,0
64.91,4.14,3.82,1452,1
47.36,1.07,3.04,1413,0
41.64,1.62,2.67,1643,0
67.3,3.06,3.75,1128,1
45.13,1.1,2.58,1523,0
48.87,1.73,2.68,1494,0
49.22,1.56,3.28,1542,0
44.81,1.63,3.34,1565,0
42.14,1.3,2.73,1490,0
47.09,1.33,2.54,1565,0
66.86,2.92,4.1,1369,1
42.73,1.09,3.54,1544,0
44.21,1.26,2.03,1578,0
41.56,1.16,2.55,1504,0
42.28,1.19,2.49,1571,0
48.99,1.12,3.08,1538,0
47.97,1.48,3.39,1560,0
42.57,1.3,2.78,1549,0
42.78,1.31,3.12,1496,0
50.03,1.23,3.33,1554,0
50.86,1.62,3.01,1612,0
51.67,1.28,3.69,1495,0
58.15,2.71,4.51,1122,1
39.86,0.96,3.14,1453,0
47.59,1.91,3.28,1539,0
42.07,1.38,3.24,1458,0
40.63,1.43,2.86,1441,0
55.84,1.38,3.01,1544,0
57.53,2.94,4.53,1138,1
47.67,1.47,2.69,1555,0
51.6,2.51,4.24,1097,1
51.5,1.58,2.83,1412,0
43.91,1.36,2.83,1468,0
44.78,1.39,3.11,1460,0
71.45,3.03,4.27,965,1
44.64,1.38,3.15,1384,0
47.06,1.7,2.77,1383,0
67.22,2.99,4.4,1411,1
73.81,2.24,4.2,1043,1
61.11,2.76,4.15,1549,1
75.59,3.36,4.0,1527,1
42.89,1.25,3.1,1385,0
42.66,2.0,3.34,1394,0
47.72,1.75,2.89,1300,0
78.15,2.95,5.13,1069,1
40.37,1.82,3.05,1594,0
45.31,1.5,2.11,1654,0
43.8,1.47,2.85,1575,0
41.6,0.86,2.49,1509,0
72.25,2.6,4.57,1420,1
49.15,1.86,3.11,1457,0
45.43,1.3,3.0,1453,0
69.89,3.37,3.81,1352,1
73.41,3.43,3.69,1312,1
67.71,2.55,4.94,1088,1
45.15,1.49,3.16,1403,0
50.68,1.77,3.2,1593,0
81.11,4.01,4.69,1433,1
49.78,1.44,2.62,1545,0
68.89,3.25,4.3,726,1
65.34,3.25,3.59,1638,1
47.55,1.59,2.76,1586,0
45.49,0.9,3.23,1564,0
45.74,1.58,2.75,1297,0
43.99,0.85,3.2,1543,0
50.87,1.03,3.2,1440,0
54.76,1.45,3.56,1607,0
38.57,0.92,2.74,1540,0
40.6,1.31,2.95,1508,0
47.77,1.5,3.33,1453,0
40.06,1.67,3.0,1484,0
74.03,2.33,4.25,1311,1
43.51,1.36,3.44,1732,0
56.49,1.41,4.22,1370,1
42.11,1.38,2.46,1476,0
43.39,1.78,2.95,1525,0
67.93,3.38,4.82,1147,1
39.74,1.41,3.69,1623,0
43.1,1.4,3.55,1385,0
35.55,1.43,2.2,1609,0
59.36,2.7,3.89,1487,1
40.52,1.36,3.12,1514,0
61.4,2.74,4.46,1407,1
42.2,1.37,3.38,1400,0
40.38,1.33,3.02,1368,0
42.61,1.59,2.77,1439,0
49.37,1.6,2.93,1420,0
48.13,1.26,2.95,1580,0
40.71,1.26,3.06,1653,0
51.93,1.45,2.39,1508,0
58.74,2.82,5.41,1473,1
48.28,1.72,2.51,1516,0
41.28,1.16,2.71,1538,0
49.47,1.19,3.61,1423,0
52.22,1.27,2.75,1537,0
49.29,1.31,2.63,1584,0
50.44,1.07,3.5,1485,0
49.33,1.74,2.88,1432,0
43.17,1.31,2.33,1429,0
44.3,1.37,3.4,1374,0
44.67,1.67,2.73,1634,0
50.7,1.11,3.37,1568,0
39.41,1.21,2.6,1488,0
45.4,1.41,3.33,1439,0
44.27,1.5,2.78,1574,0
40.78,1.07,2.86,1363,0
47.13,1.26,3.16,1539,0
43.5,1.75,3.18,1506,0
46.79,1.88,3.55,1362,0
41.25,1.53,3.04,1404,0
46.12,1.45,2.87,1562,0
44.54,1.28,2.56,1493,0
62.18,3.96,5.32,1002,1
45.74,1.63,2.84,1589,0
46.28,1.37,3.29,1377,0
76.53,2.7,3.77,1151,1
46.76,1.78,3.03,1475,0
43.45,1.51,2.94,1461,0
47.24,1.8,2.76,1412,0
65.8,3.03,3.25,1230,1
60.79,4.07,4.26,1215,1
46.78,1.32,3.36,1548,0
45.37,1.41,3.02,1501,0
63.47,2.6,4.5,1044,1
42.09,1.72,2.54,1339,0
44.8,1.01,3.75,1429,0
41.79,1.24,2.8,1475,0
52.19,1.53,3.0,1500,0
40.3,1.48,3.69,1550,0
45.88,1.38,3.01,1492,0
61.45,3.78,4.36,1248,1
48.09,1.7,3.43,1644,0
38.01,1.51,2.67,1470,0
41.28,1.36,3.17,1672,0
46.85,1.48,2.88,1524,0
54.55,1.21,3.31,1550,0
47.81,1.44,3.03,1574,0
43.3,1.4,3.88,1548,0
49.29,1.08,2.34,1616,0
60.78,3.6,4.8,1433,1
41.97,1.9,2.74,1558,0
47.42,1.5,3.39,1429,0
43.47,0.89,3.05,1510,0
48.49,0.78,2.86,1615,0
47.14,1.02,3.11,1508,0
48.07,1.77,3.28,1543,0
36.65,1.67,2.66,1374,0
44.61,1.26,3.03,1578,0
64.86,3.53,5.61,1300,1
42.57,1.08,3.61,1546,0
41.48,1.35,3.7,1419,0
62.71,3.24,3.2,1581,1
53.14,1.13,3.51,1296,0
48.04,1.67,2.67,1402,0
47.29,1.39,3.01,1400,0
40.99,1.52,2.81,1587,0
43.93,1.37,3.17,1416,0
41.53,1.61,3.28,1574,0
59.75,2.52,4.19,1239,1
40.65,1.21,2.95,1400,0
45.79,1.08,2.95,1603,0
49.66,1.59,3.1,1653,0
44.41,1.48,2.54,1609,0
49.64,1.54,3.08,1466,0
48.02,1.45,3.36,1443,0
43.41,1.47,3.38,1397,0
57.3,2.72,4.25,1283,1
46.29,1.27,2.77,1562,0
63.92,2.92,4.58,1053,1
37.72,1.32,3.12,1466,0
71.68,2.96,4.17,1189,1
48.96,1.6,3.02,1522,0
51.61,0.84,2.29,1486,0
71.44,2.81,5.18,1466,1
47.23,1.52,3.26,1459,0
46.7,1.35,3.6,1382,0
39.66,1.64,3.05,1497,0
47.07,0.8,2.52,1233,0
37.15,1.27,3.02,1411,0
49.0,1.69,3.17,1454,0
44.65,1.63,3.82,1486,0
49.48,1.69,3.34,1542,0
42.77,1.28,3.53,1591,0
46.36,1.63,3.41,1490,0
46.23,1.36,3.61,1421,0
38.82,1.48,3.43,1551,0
36.12,1.18,2.48,1507,0
46.59,1.13,2.85,1614,0
44.85,1.31,3.18,1540,0
43.64,1.41,3.17,1514,0
61.06,2.91,4.38,1490,1
42.07,1.32,2.71,1420,0
44.98,1.45,2.96,1567,0
42.26,1.34,2.83,1461,0
64.43,3.58,5.98,1200,1
40.51,1.4,3.63,1681,0
48.59,1.68,3.45,1492,0
72.62,3.82,4.8,1237,1
51.96,1.15,3.18,1430,0
48.23,1.06,3.26,1488,0
47.62,1.29,3.78,1380,0
42.43,1.43,2.78,1508,0
66.09,3.17,4.92,1495,1
48.5,1.65,2.64,1619,0
42.97,1.07,3.34,1523,0
42.2,1.01,3.45,1408,0
68.4,3.34,4.28,1335,1
42.66,1.56,3.28,1642,0
64.1,1.94,3.95,1371,1
83.14,3.07,5.07,1046,1
40.32,1.43,3.12,1482,0
52.13,1.68,2.86,1467,0
46.04,1.69,3.87,1617,0
46.26,1.6,2.62,1625,0
47.57,1.63,2.45,1344,0
39.79,1.35,3.43,1544,0
48.08,1.46,2.95,1511,0
42.55,1.45,3.35,1362,0
42.87,1.65,3.35,1487,0
49.96,1.32,3.8,1519,0
60.6,3.08,4.53,1283,1
42.78,1.4,2.75,1565,0
48.13,1.45,3.27,1523,0
48.56,1.18,3.17,1464,0
57.23,3.09,3.98,1491,1
47.52,1.7,3.24,1469,0
49.19,1.94,2.68,1550,0
57.79,2.19,4.57,1156,1
46.43,0.82,2.93,1351,0
39.57,1.36,3.29,1460,0
46.35,0.98,2.7,1531,0
50.9,1.22,2.4,1467,0
46.18,1.43,2.83,1568,0
46.31,1.29,3.32,1552,0
44.75,1.59,2.92,1486,0
45.53,1.76,2.55,1549,0
46.31,1.5,3.49,1491,0
69.3,3.18,4.09,1242,1
39.23,1.69,3.2,1303,0
66.73,2.99,4.39,1218,1
44.63,0.95,3.03,1411,0
75.59,2.54,5.57,1045,1
45.15,1.64,2.14,1481,0
46.09,1.19,3.09,1588,0
41.95,1.27,2.87,1628,0
54.7,3.42,4.82,1550,1
47.4,1.28,2.81,1451,0
40.93,1.58,3.15,1493,0
37.21,1.32,2.45,1421,0
39.05,1.54,2.8,1392,0
57.68,2.6,4.67,1426,1
50.39,3.81,4.04,1169,1
49.22,0.96,2.6,1606,0
43.46,1.9,2.85,1530,0
51.61,1.62,2.87,1637,0
45.1,1.3,3.29,1516,0
49.34,1.08,3.37,1648,0
47.73,1.37,3.18,1516,0
47.5,1.47,2.55,1464,0
37.68,1.48,3.25,1540,0
49.12,1.0,2.48,1491,0
42.14,0.83,2.58,1510,0
46.78,1.47,3.17,1548,0
42.96,1.77,2.62,1584,0
48.13,1.36,2.87,1358,0
39.59,1.22,2.88,1557,0
48.99,0.91,3.05,1386,0
45.43,1.49,2.7,1409,0
42.54,0.9,3.21,1338,0
47.73,1.25,2.86,1603,0
44.48,1.46,2.72,1492,0
58.72,1.91,3.39,1436,1
44.36,1.89,3.31,1633,0
48.94,1.4,3.31,1440,0
67.89,2.56,5.19,1479,1
69.7,3.83,3.72,1137,1
52.58,3.17,4.24,1579,1
43.98,1.78,2.3,1388,0
46.12,1.41,3.29,1562,0
45.84,1.06,3.47,1534,0
54.68,1.5,2.61,1329,0
65.99,3.59,4.13,1194,1
43.54,1.47,2.98,1679,0
45.23,1.39,3.4,1553,0
64.71,3.01,4.83,1180,1
49.14,3.15,4.14,1426,1
64.31,2.03,4.31,1492,1
77.26,2.03,4.86,1404,1
44.82,1.7,2.43,1604,0
68.21,3.76,4.92,1175,1
44.87,1.52,2.22,1465,0
50.61,1.79,3.22,1558,0
42.39,1.35,3.08,1591,0
47.47,1.67,2.78,1458,0
43.26,1.25,3.24,1605,0
36.2,1.25,3.03,1401,0
45.41,1.21,3.39,1487,0
44.8,1.22,2.25,1504,0
59.95,3.08,4.54,1346,1
43.34,1.25,3.19,1484,0
39.49,1.3,3.03,1443,0
50.65,1.49,2.88,1600,0
48.32,1.61,2.93,1500,0
49.23,1.57,2.9,1352,0
47.44,1.21,3.14,1508,0
45.19,1.21,3.57,1370,0
51.12,1.33,3.1,1576,0
70.08,2.45,4.81,929,1
46.14,1.05,2.82,1431,0
44.93,1.78,2.95,1494,0
49.63,1.6,2.45,1538,0
48.23,1.79,3.07,1648,0
40.94,1.12,3.56,1578,0
66.76,3.65,4.59,1424,1
50.87,1.78,2.6,1476,0
46.43,1.62,3.19,1471,0
52.18,1.32,2.91,1489,0
48.26,1.19,3.58,1516,0
64.67,3.12,4.65,1286,1
42.89,1.61,2.74,1410,0
50.56,1.66,3.44,1645,0
41.03,1.66,3.59,1516,0
53.39,1.39,2.89,1543,0
73.21,2.65,4.46,1235,1
45.65,1.3,3.3,1555,0
66.53,3.31,5.8,1103,1
53.4,1.56,3.11,1468,0
46.82,2.97,5.23,1528,1
42.13,1.48,2.53,1587,0
48.24,1.52,2.91,1407,0
47.21,1.11,2.89,1440,0
49.42,1.35,3.35,1391,0
70.8,3.26,4.66,1290,1
62.44,2.59,3.03,1589,1
59.82,2.12,4.22,1280,1
59.96,3.53,5.48,1008,1
40.28,1.55,3.4,1452,0
39.09,1.36,2.97,1500,0
46.89,1.91,3.71,1512,0
38.82,1.49,2.77,1478,0
67.48,3.12,4.8,1351,1
69.88,3.19,5.13,1301,1
47.09,1.23,3.53,1456,0
73.65,4.21,5.76,1169,1
75.96,3.25,4.68,1328,1
51.14,1.8,2.99,1403,0
47.68,1.57,3.2,1510,0
43.77,1.43,2.79,1512,0
54.36,3.2,3.94,1178,1
64.94,2.96,2.95,1482,1
47.77,1.56,2.8,1543,0
53.17,1.67,3.13,1471,0
47.49,1.18,3.19,1390,0
47.31,1.42,2.78,1496,0
45.09,1.59,3.06,1513,0
47.21,1.42,2.61,1521,0
48.79,1.26,3.13,1495,0
47.61,1.35,2.79,1542,0
47.79,1.63,2.78,1460,0
52.42,1.58,2.32,1731,0
41.97,1.37,2.6,1504,0
51.12,1.94,3.0,1612,0
39.86,1.12,3.38,1473,0
46.12,1.13,3.07,1496,0
55.98,3.16,5.27,1081,1
42.49,1.38,3.18,1463,0
72.32,2.89,4.54,1234,1
44.09,1.58,3.06,1561,0
40.71,1.48,2.6,1518,0
72.71,2.19,4.69,1390,1
46.33,1.85,3.88,1382,0
39.47,1.67,3.36,1560,0
51.86,1.25,2.78,1489,0
51.2,1.26,3.18,1511,0
44.68,1.37,2.95,1475,0
50.09,1.37,3.44,1473,0
45.45,1.0,3.29,1482,0
61.51,2.14,4.89,1090,1
44.7,1.63,3.19,1607,0
52.37,3.25,3.74,1243,1
46.44,1.75,3.61,1374,0
63.03,2.4,3.73,1653,1
44.54,1.57,3.32,1445,0
38.57,1.63,3.32,1580,0
42.99,1.56,3.21,1430,0
45.83,1.45,2.87,1338,0
54.87,2.28,4.6,1115,1
48.83,1.58,2.51,1494,0
67.95,1.75,4.74,975,1
41.86,1.31,3.28,1498,0
41.66,1.6,3.12,1558,0
40.43,1.66,3.16,1286,0
67.39,3.08,4.72,1287,1
46.7,1.57,3.05,1391,0
45.13,2.0,3.63,1383,0
41.24,1.2,2.8,1428,0
63.12,3.45,4.71,866,1
44.0,1.26,2.94,1553,0
44.53,1.22,3.15,1326,0
55.61,1.87,4.39,1162,1
46.3,1.57,3.37,1534,0
69.66,3.54,4.43,1178,1
48.41,1.49,3.11,1462,0
53.23,1.68,2.41,1508,0
42.19,1.66,3.57,1507,0
50.56,1.61,2.78,1513,0
41.38,1.16,2.7,1533,0
45.5,1.51,2.65,1409,0
56.75,2.66,4.23,1265,1
36.84,1.38,3.52,1411,0
48.57,1.48,3.64,1438,0
46.34,1.19,2.88,1501,0
48.65,1.16,3.48,1491,0
39.41,0.86,3.28,1558,0
51.82,1.12,3.53,1691,0
43.62,1.5,2.46,1515,0
40.48,1.06,3.54,1447,0
43.29,1.03,2.5,1509,0
51.45,1.46,3.0,1458,0
76.53,2.23,5.49,1201,1
39.59,1.15,3.25,1478,0
36.69,1.25,2.74,1451,0
55.25,3.02,4.06,1427,1
38.69,1.05,3.79,1563,0
45.57,1.35,2.92,1533,0
42.88,1.21,2.88,1383,0
44.13,1.16,3.39,1331,0
50.75,1.13,2.82,1472,0
48.84,1.77,3.32,1672,0
39.29,1.27,3.52,1458,0
42.24,1.25,2.51,1502,0
56.98,3.13,5.26,1032,1
49.89,0.85,2.93,1399,0
43.72,1.45,2.86,1419,0
45.75,1.67,3.19,1559,0
33.04,1.6,2.99,1520,0
42.32,1.27,2.64,1619,0
47.2,1.56,2.83,1656,0
42.74,1.46,3.2,1516,0
65.59,4.24,4.73,1312,1
42.22,1.25,2.59,1526,0
64.93,3.33,4.61,1074,1
46.3,1.47,3.25,1536,0
46.02,1.36,3.13,1403,0
46.19,1.7,2.99,1445,0
43.36,1.36,3.28,1513,0
44.09,1.16,2.94,1674,0
42.79,1.41,3.26,1413,0
53.74,1.87,3.49,1503,0
43.61,1.37,3.39,1456,0
48.89,1.59,2.89,1478,0
75.67,2.42,4.24,1259,1
36.58,1.4,2.84,1639,0
40.12,1.44,2.93,1546,0
45.3,1.34,3.58,1471,0
44.73,1.63,2.73,1552,0
41.24,1.52,2.96,1579,0
39.76,1.42,3.07,1481,0
58.21,2.12,3.54,1393,1
71.28,3.55,4.16,1376,1
56.42,2.72,4.98,988,1
44.53,1.49,2.94,1393,0
45.26,1.29,3.64,1414,0
42.24,1.44,2.88,1414,0
42.8,1.14,2.81,1465,0
52.83,1.54,2.83,1501,0
44.85,0.94,3.0,1472,0
42.85,1.42,2.8,1596,0
48.98,1.56,2.89,1409,0
45.03,1.68,3.47,1560,0
40.0,1.05,2.99,1462,0
51.53,1.55,2.24,1605,0
47.29,1.57,3.18,1591,0
49.01,1.34,2.61,1572,0
70.53,3.85,2.78,1216,1
43.08,1.72,3.09,1394,0
43.28,1.61,2.88,1697,0
45.42,1.04,2.66,1624,0
51.8,1.48,2.58,1539,0
53.49,1.57,3.34,1475,0
49.23,1.2,2.52,1457,0
46.22,1.21,3.65,1445,0
38.61,1.7,3.0,1502,0
56.0,2.94,4.58,1173,1
39.14,1.74,2.79,1444,0
41.52,1.3,3.54,1458,0
48.55,1.57,2.94,1456,0
61.84,2.72,4.03,1222,1
44.97,1.23,3.51,1590,0
48.25,1.19,3.03,1625,0
48.61,1.02,2.99,1603,0
42.29,1.38,2.99,1562,0
43.43,1.71,3.04,1561,0
45.8,1.5,3.29,1428,0
42.74,1.63,3.55,1661,0
47.55,0.97,2.88,1455,0
46.57,1.51,3.2,1561,0
47.23,1.7,2.97,1499,0
46.37,1.34,3.2,1496,0
40.92,1.1,3.15,1424,0
61.61,3.54,4.93,1195,1
45.97,1.17,3.03,1558,0
71.21,3.41,4.62,1211,1
41.41,1.16,2.82,1491,0
37.44,1.79,3.06,1458,0
44.11,0.91,3.5,1487,0
58.78,2.8,4.72,1495,1
45.7,1.3,2.84,1473,0
44.69,1.88,3.15,1448,0
50.81,1.46,3.33,1417,0
42.32,1.55,3.63,1486,0
77.89,2.58,4.25,1440,1
44.14,1.85,2.94,1488,0
56.84,2.66,3.64,1423,1
53.36,3.5,4.31,1275,1
42.94,1.2,3.01,1593,0
48.98,1.42,3.55,1489,0
41.86,1.45,3.29,1404,0
45.69,1.55,3.39,1454,0
43.06,1.14,2.35,1624,0
49.28,1.74,3.17,1544,0
49.72,1.35,3.26,1693,0
51.13,1.46,2.8,1470,0
45.23,1.47,2.92,1513,0
52.23,1.0,3.32,1435,0
68.86,3.07,4.99,858,1
43.32,1.43,2.49,1417,0
64.34,2.24,6.05,1564,1
42.88,1.31,2.67,1483,0
43.57,1.44,2.49,1535,0
47.69,0.9,3.16,1541,0
46.3,1.29,2.52,1473,0
45.3,1.08,3.33,1390,0
45.27,0.95,3.29,1607,0
35.24,1.33,3.28,1542,0
43.59,1.78,2.53,1467,0
42.18,1.04,3.32,1582,0
63.08,3.22,4.91,1334,1
47.23,1.3,3.21,1444,0
42.32,0.88,3.23,1575,0
41.26,1.21,3.0,1427,0
47.73,1.71,3.25,1475,0
42.23,1.25,2.75,1392,0
47.67,1.07,3.21,1496,0
52.86,1.21,2.92,1569,0
45.06,1.56,2.69,1484,0
42.66,1.05,3.26,1589,0
49.47,1.05,3.29,1573,0
51.71,1.2,1.99,1371,0
39.33,1.36,2.88,1462,0
49.77,1.12,3.01,1651,0
51.34,1.6,3.3,1541,0
37.83,1.11,2.96,1506,0
42.85,1.12,2.92,1527,0
44.21,1.54,2.83,1362,0
45.06,1.21,2.8,1505,0
38.26,1.47,2.43,1568,0
41.75,1.45,2.76,1425,0
45.56,1.48,3.33,1403,0
44.07,1.64,3.34,1581,0
46.56,2.1,3.24,1581,0
43.23,1.64,2.53,1451,0
67.89,3.15,4.6,1219,1
73.64,3.24,3.73,1716,1
41.08,1.66,2.57,1664,0
45.19,1.32,3.16,1498,0
43.27,1.23,3.15,1624,0
71.53,3.14,5.16,1181,1
45.29,1.61,3.24,1669,0
42.34,1.55,3.47,1455,0
34.21,0.85,3.48,1435,0
39.25,1.33,3.01,1536,0
43.39,1.27,2.62,1395,0
76.45,3.1,4.41,1561,1
43.9,1.66,3.2,1466,0
50.41,1.53,3.68,1399,0
44.54,1.21,3.28,1438,0
43.18,1.34,3.42,1477,0
43.72,1.46,3.2,1352,0
39.36,1.19,3.34,1618,0
51.07,1.38,3.46,1540,0
59.79,2.27,4.06,1167,1
40.94,1.07,2.99,1316,0
54.71,1.33,3.1,1490,0
70.39,3.03,4.93,1577,1
46.71,1.22,3.48,1451,0
47.06,1.53,2.84,1529,0
68.75,1.66,3.83,1074,1
45.76,1.49,3.22,1481,0
52.69,2.04,3.71,1391,0
42.87,0.98,2.88,1593,0
40.55,1.03,3.61,1413,0
47.85,1.48,2.6,1595,0
46.94,1.94,3.3,1524,0
45.77,1.58,2.71,1555,0
49.23,1.46,3.21,1509,0
47.88,1.85,3.05,1468,0
65.41,2.29,3.11,1288,1
47.97,1.15,2.89,1507,0
37.35,1.39,3.42,1376,0
51.5,1.23,3.53,1502,0
46.33,1.09,2.73,1450,0
45.77,1.34,2.86,1654,0
48.88,1.62,2.7,1367,0
44.18,1.5,3.22,1377,0
42.6,2.22,3.27,1472,0
48.14,1.8,2.68,1691,0
44.45,1.23,3.24,1523,0
45.82,1.48,2.88,1561,0
42.26,1.64,2.82,1592,0
42.67,1.09,3.53,1590,0
42.99,1.39,2.61,1616,0
46.76,1.46,3.06,1675,0
42.27,1.61,2.45,1515,0
47.17,1.45,3.82,1366,0
42.35,1.28,3.12,1520,0
51.7,1.49,2.54,1589,0
71.74,3.5,5.35,1449,1
41.08,1.47,3.0,1473,0
48.27,1.16,3.79,1540,0
40.51,1.32,3.03,1592,0
40.9,1.61,1.72,1561,0
71.07,3.31,5.7,1308,1
46.33,1.46,3.41,1685,0
45.71,1.22,3.37,1515,0
58.01,3.52,5.39,1425,1
69.63,3.05,4.01,1060,1
43.49,1.69,3.12,1451,0
45.96,1.32,2.89,1413,0
49.51,1.54,3.41,1519,0
45.71,0.64,3.32,1589,0
46.7,1.47,3.3,1557,0
58.12,2.79,4.68,942,1
41.91,1.46,3.01,1505,0
65.16,2.94,4.8,1197,1
55.74,2.54,4.25,1258,1
45.18,1.71,3.7,1493,0
45.73,1.17,2.93,1428,0
71.33,2.43,3.88,1012,1
43.25,1.62,2.64,1464,0
72.55,2.26,4.39,1278,1
44.69,0.93,3.7,1506,0
37.19,1.53,2.48,1497,0
51.72,1.34,3.18,1484,0
50.64,1.25,3.26,1398,0
44.06,2.01,3.32,1544,0
45.79,1.46,2.4,1385,0
44.15,1.29,2.64,1398,0
41.76,1.26,3.13,1276,0
56.62,3.47,4.82,1168,1
43.56,1.64,2.39,1570,0
65.11,2.51,3.93,1268,1
41.69,1.25,3.35,1591,0
43.76,1.43,2.18,1601,0
54.59,3.04,3.99,1226,1
45.14,1.5,2.72,1423,0
42.33,1.13,3.38,1502,0
64.12,2.5,3.72,1230,1
48.53,1.33,4.03,1720,0
47.02,1.28,2.91,1492,0
48.49,1.27,2.77,1582,0
39.57,0.71,2.61,1651,0
45.74,1.76,3.17,1638,0
44.76,1.29,2.8,1559,0
47.6,1.56,2.59,1408,0
46.67,1.31,3.06,1570,0
42.96,1.32,3.2,1436,0
72.82,3.71,3.64,1408,1
47.53,1.2,2.31,1501,0
42.65,1.61,2.96,1509,0
63.27,2.22,4.67,1191,1
36.24,1.1,2.35,1479,0
48.48,1.63,2.72,1626,0
44.8,1.71,3.03,1533,0
39.49,1.49,2.86,1440,0
45.54,1.34,2.6,1517,0
42.84,1.19,3.63,1544,0
40.95,2.75,3.37,1067,1
48.78,1.26,2.86,1489,0
51.46,1.56,3.59,1409,0
37.66,1.24,3.0,1549,0
43.4,1.49,3.33,1568,0
52.46,2.32,4.5,1283,1
70.33,2.81,4.5,1039,1
48.6,0.79,3.39,1408,0
62.84,3.14,3.25,1207,1
39.72,1.82,3.5,1454,0
48.36,1.17,3.04,1405,0
37.2,0.66,2.4,1578,0
60.48,3.25,3.88,1447,1
49.41,1.41,3.31,1541,0
44.43,0.97,3.05,1598,0
62.34,2.55,5.12,1392,1
44.77,1.1,2.95,1553,0
49.36,1.88,2.71,1492,0
46.67,1.51,2.83,1563,0
41.61,1.37,3.31,1549,0
41.67,1.27,3.42,1426,0
41.51,1.28,3.57,1624,0
47.35,1.42,3.14,1514,0
38.33,1.34,3.14,1411,0
59.42,2.27,4.1,1102,1
46.16,1.54,2.75,1464,0
50.88,1.71,3.43,1538,0
63.82,3.26,6.03,1347,1
79.73,2.45,4.39,1349,1
43.0,1.31,2.82,1469,0
59.85,2.28,3.54,1299,1
60.04,2.52,3.94,1390,1
42.72,1.23,3.23,1495,0
48.84,2.01,2.77,1484,0
74.98,2.04,5.65,1464,1
45.37,1.49,2.98,1614,0
45.21,1.26,3.25,1385,0
39.68,1.56,2.73,1483,0
68.48,3.39,4.42,1505,1
41.88,1.12,3.66,1437,0
73.23,2.65,5.07,1487,1
67.57,3.39,4.99,1268,1
64.88,3.61,4.61,1104,1
44.85,1.68,2.69,1401,0
46.9,1.51,3.87,1437,0
44.72,1.57,2.86,1521,0
46.85,1.7,3.13,1489,0
40.87,1.46,3.37,1524,0
47.84,1.47,2.96,1403,0
46.65,1.54,3.8,1499,0
41.14,1.53,2.85,1548,0
58.17,2.44,4.96,1187,1
58.75,3.28,4.68,1238,1
42.46,1.32,3.68,1569,0
68.75,2.79,5.13,1077,1
40.76,1.42,3.13,1480,0
44.63,1.05,2.82,1486,0
47.58,1.55,3.03,1300,0
39.72,1.79,3.53,1554,0
47.85,1.33,3.63,1487,0
40.95,1.22,2.6,1473,0
45.34,1.67,2.65,1605,0
45.97,1.48,2.86,1364,0
46.04,1.18,3.43,1623,0
42.99,1.52,2.69,1379,0
49.51,1.21,2.79,1711,0
51.32,1.14,2.65,1589,0
47.48,1.23,2.86,1575,0
42.86,1.72,3.06,1422,0
45.44,1.43,2.51,1432,0
47.69,1.35,3.17,1481,0
41.43,1.42,3.31,1553,0
69.25,2.38,4.93,1496,1
45.18,1.4,2.74,1634,0
42.39,1.49,2.93,1548,0
54.58,2.72,5.58,1294,1
43.41,1.4,3.42,1621,0
68.96,2.43,4.77,1170,1
45.19,1.62,2.54,1502,0
54.61,2.83,4.17,1157,1
45.14,1.32,2.67,1552,0
68.77,2.86,4.85,1596,1
44.68,1.57,2.74,1577,0
64.65,3.33,5.13,1398,1
41.66,1.23,3.34,1535,0
46.05,2.04,3.64,1512,0
48.45,1.71,3.08,1422,0
36.8,0.84,2.77,1562,0
39.83,1.38,2.84,1461,0
58.85,3.66,5.14,1518,1
47.18,1.19,2.81,1423,0
52.32,2.98,4.49,1667,1
44.55,1.65,2.72,1504,0
41.72,1.39,3.27,1578,0
71.72,2.04,4.39,1569,1
76.68,3.15,4.78,1196,1
58.73,2.39,4.97,1341,1
73.28,2.33,4.85,1352,1
64.76,1.99,4.52,1341,1
48.73,1.48,2.73,1458,0
46.53,1.56,2.81,1551,0
44.54,1.4,2.96,1542,0
48.75,1.6,3.48,1544,0
53.58,1.41,3.58,1716,0
44.26,1.73,2.74,1461,0
44.75,1.19,2.84,1418,0
46.47,1.37,3.13,1543,0
49.9,1.24,2.64,1478,0
38.66,1.07,3.3,1470,0
50.74,1.19,2.86,1472,0
42.57,1.02,3.63,1380,0
59.97,3.4,5.37,1083,1
39.37,1.29,2.98,1510,0
41.96,1.25,2.64,1441,0
41.77,1.36,3.1,1549,0
46.56,1.54,2.68,1416,0
39.64,1.19,2.81,1423,0
47.89,1.41,3.39,1641,0
46.14,1.37,2.71,1520,0
48.43,1.26,3.56,1415,0
43.99,1.49,2.9,1508,0
57.97,1.49,2.89,1466,0
64.36,4.22,3.11,1022,1
43.06,1.36,2.69,1540,0
44.02,1.44,3.32,1560,0
37.94,1.0,3.1,1501,0
49.91,0.89,2.64,1541,0
45.14,1.46,3.12,1496,0
71.56,3.44,3.64,1350,1
43.61,1.82,2.81,1564,0
48.46,1.33,3.29,1360,0
46.49,1.29,2.89,1542,0
41.71,1.19,2.92,1447,0
52.08,1.45,2.8,1499,0
40.81,1.26,2.23,1554,0
51.11,1.1,3.23,1484,0
49.77,1.35,3.16,1533,0
45.35,1.3,3.1,1457,0
40.84,1.41,3.64,1673,0
41.46,1.92,3.46,1511,0
45.87,1.22,3.1,1562,0
46.38,1.93,2.95,1566,0
37.78,1.43,3.41,1571,0
81.83,2.81,5.14,1076,1
58.99,2.17,4.66,1169,1
50.11,1.69,2.96,1588,0
49.26,1.47,3.23,1498,0
47.88,1.35,2.91,1465,0
53.63,1.09,3.48,1554,0
44.59,0.97,3.45,1411,0
44.73,0.99,2.81,1350,0
45.18,1.42,2.89,1494,0
53.25,1.25,2.79,1427,0
47.86,1.64,2.91,1664,0
40.32,1.4,3.03,1561,0
37.89,0.77,2.95,1419,0
43.57,1.6,2.85,1444,0
49.95,1.39,3.25,1506,0
45.06,1.07,2.89,1485,0
44.67,1.49,2.82,1523,0
43.04,1.65,2.73,1635,0
45.21,1.4,3.4,1571,0
45.81,1.55,2.97,1442,0
40.59,1.29,2.89,1493,0
46.28,1.44,3.1,1556,0
45.1,1.79,2.72,1508,0
42.94,1.37,2.66,1385,0
47.02,1.45,2.74,1570,0
46.75,1.48,2.86,1484,0
46.34,1.65,3.53,1508,0
44.57,1.65,3.36,1454,0
51.57,0.66,3.18,1527,0
52.21,1.68,3.08,1622,0
37.91,1.62,3.4,1410,0
40.62,1.45,3.12,1476,0
46.78,1.44,3.18,1534,0
65.42,3.34,3.32,1179,1
46.13,1.73,3.82,1331,0
71.09,3.04,5.15,907,1
46.61,1.16,2.72,1529,0
42.48,0.84,2.76,1484,0
42.38,1.16,3.18,1396,0
52.41,1.4,3.19,1555,0
53.34,1.27,2.55,1634,0
43.46,1.13,2.83,1486,0
60.51,2.88,4.9,1259,1
47.73,1.95,3.0,1483,0
41.73,1.69,3.18,1596,0
76.23,3.04,4.83,1594,1
46.7,1.04,3.19,1414,0
42.76,1.06,3.37,1489,0
48.57,1.17,2.83,1414,0
44.89,1.54,3.12,1539,0
73.37,3.67,4.49,1388,1
38.62,1.37,2.9,1425,0
39.97,1.22,2.48,1584,0
49.66,1.57,2.99,1537,0
43.63,1.37,3.37,1482,0
43.58,1.26,2.82,1492,0
45.0,1.43,2.81,1585,0
46.97,1.21,3.11,1485,0
47.12,1.23,3.08,1451,0
42.51,1.76,2.91,1367,0
42.14,1.29,3.28,1567,0
44.67,1.16,3.74,1567,0
66.89,3.75,3.12,1152,1
43.48,1.68,3.2,1501,0
56.78,2.04,4.32,1143,1
41.92,1.27,3.08,1564,0
42.6,1.69,3.14,1513,0
64.78,3.71,4.81,1098,1
44.53,1.49,2.96,1391,0
66.36,2.61,4.18,1286,1
63.63,3.29,4.63,1458,1
42.56,1.59,2.22,1498,0
49.89,1.47,3.26,1465,0
44.15,1.36,2.86,1405,0
40.48,1.41,2.55,1423,0
50.0,1.09,3.54,1462,0
47.79,1.37,2.72,1480,0
50.91,1.35,3.06,1539,0
42.78,1.4,3.22,1593,0
44.78,1.13,3.43,1469,0
46.89,1.79,3.26,1405,0
68.99,2.85,3.56,1122,1
41.6,1.76,3.07,1552,0
49.48,1.71,2.9,1615,0
45.75,1.15,3.4,1403,0
43.5,1.34,2.63,1473,0
46.18,1.59,2.35,1434,0
46.81,1.47,2.89,1438,0
46.28,1.16,2.74,1538,0
34.91,1.34,3.1,1471,0
74.05,3.16,4.97,1186,1
41.45,1.58,3.2,1561,0
71.92,3.27,3.45,1132,1
47.15,1.35,3.23,1454,0
56.81,2.25,4.64,1122,1
46.09,1.42,3.1,1430,0
47.05,1.3,3.4,1599,0
49.04,1.91,2.89,1540,0
63.43,2.47,4.74,1243,1
48.4,1.68,2.71,1338,0
45.35,1.63,2.99,1403,0
33.4,1.29,3.47,1482,0
37.36,1.43,2.86,1417,0
56.49,3.84,4.63,1310,1
47.17,1.67,2.71,1486,0
63.19,3.66,4.77,1261,1
57.34,2.46,4.29,1105,1
49.35,1.65,3.24,1482,0
47.63,1.23,3.5,1351,0
41.57,1.22,2.54,1318,0
57.08,2.37,4.77,1145,1
64.22,3.35,6.48,1002,1
66.59,3.55,4.26,1144,1
67.4,2.66,4.8,1599,1
50.5,1.95,2.97,1494,0
44.76,1.28,2.41,1405,0
46.89,1.27,3.04,1374,0
77.43,2.75,4.68,1343,1
73.87,2.14,5.05,1073,1
45.38,1.33,3.18,1308,0
44.42,1.02,2.59,1456,0
44.15,1.06,3.31,1454,0
44.84,1.4,2.8,1502,0
40.64,0.98,2.81,1462,0
43.03,1.93,3.23,1451,0
46.33,1.43,2.45,1489,0
45.01,1.22,3.45,1518,0
46.35,1.42,3.55,1477,0
46.16,1.3,3.3,1538,0
43.5,1.38,3.18,1448,0
67.15,3.1,3.78,1164,1
55.19,3.45,4.11,1257,1
48.46,1.73,2.1,1512,0
45.73,1.65,2.38,1392,0
42.55,1.69,3.46,1392,0
43.91,1.35,2.55,1541,0
66.57,3.26,5.18,1436,1
76.11,2.64,4.35,917,1
47.49,0.81,3.02,1512,0
45.72,1.16,2.96,1521,0
44.76,1.83,3.3,1588,0
44.54,1.62,2.92,1574,0
47.82,1.39,2.97,1476,0
61.53,3.09,3.38,1091,1
43.96,1.47,2.72,1499,0
68.33,3.37,4.92,1498,1
49.34,1.33,3.59,1501,0
53.03,3.79,5.58,1303,1
49.39,1.22,2.93,1342,0
45.14,1.5,3.0,1556,0
43.88,1.03,3.31,1564,0
65.7,2.79,5.71,1223,1
43.53,1.03,2.69,1500,0
54.35,1.85,3.17,1585,0
51.43,1.85,3.89,1050,1
41.71,1.42,2.95,1460,0
48.25,1.69,2.45,1440,0
50.5,1.72,2.92,1526,0
64.36,3.75,3.42,1548,1
60.48,2.9,4.57,1104,1
46.83,1.32,2.67,1440,0
40.29,1.79,3.54,1543,0
47.58,1.13,2.75,1458,0
47.33,1.23,2.49,1459,0
34.46,1.47,2.82,1448,0
43.59,1.63,3.49,1432,0
41.16,1.94,3.59,1574,0
49.71,1.18,2.5,1529,0
49.98,0.93,2.96,1657,0
41.3,1.47,2.72,1504,0
53.3,0.77,2.99,1558,0
42.44,1.29,3.15,1437,0
44.96,1.65,2.08,1457,0
53.68,1.63,3.13,1481,0
48.36,1.0,3.08,1283,0
41.63,1.44,2.75,1564,0
47.33,1.28,3.14,1503,0
44.11,0.82,3.05,1551,0
69.67,3.08,4.87,1282,1
47.09,1.47,2.8,1562,0
37.19,1.64,2.6,1414,0
41.67,1.03,2.93,1485,0
65.6,3.77,4.15,1463,1
46.61,1.29,2.15,1571,0
43.79,0.84,2.91,1433,0
61.1,2.91,5.43,998,1
76.25,1.87,3.6,1229,1
47.17,3.59,4.43,1216,1
32.32,1.65,3.35,1528,0
45.94,1.41,2.54,1391,0
44.87,1.3,3.53,1514,0
47.72,1.04,2.52,1457,0
48.1,1.33,2.78,1462,0
36.9,1.63,3.02,1517,0
41.49,1.06,3.08,1589,0
60.52,3.53,4.86,1197,1
41.3,1.41,2.36,1602,0
44.82,1.56,2.21,1602,0
54.57,3.65,4.3,1317,1
82.79,3.64,4.62,1052,1
38.99,1.26,2.73,1469,0
59.0,3.25,4.51,1485,1
40.53,1.29,2.96,1619,0
40.57,1.43,2.66,1639,0
41.52,0.87,3.47,1585,0
44.37,1.78,3.39,1593,0
36.57,1.17,2.21,1512,0
50.77,1.23,2.54,1583,0
39.53,1.4,2.39,1441,0
68.55,2.87,4.24,1341,1
70.51,2.25,4.61,1526,1
80.72,2.97,4.65,1215,1
42.85,1.4,3.01,1461,0
42.04,1.31,2.99,1361,0
46.47,1.45,3.17,1623,0
58.11,3.2,3.32,1069,1
65.44,3.4,4.65,1271,1
43.69,1.51,3.64,1412,0
67.19,2.85,4.28,1206,1
73.38,3.26,2.85,1264,1
38.53,1.36,3.22,1589,0
45.57,1.37,3.17,1576,0
49.14,1.22,2.78,1349,0
73.13,2.62,3.37,1162,1
47.89,1.11,3.46,1428,0
64.43,2.8,4.46,1098,1
36.47,1.47,2.42,1563,0
76.35,2.42,4.25,1463,1
37.79,1.61,2.77,1451,0
52.02,1.5,2.71,1469,0
68.57,3.2,5.75,983,1
51.92,1.4,2.82,1507,0
43.51,1.01,2.96,1514,0
44.86,1.25,2.54,1379,0
43.42,2.52,2.32,1422,0
47.01,1.04,2.91,1584,0
36.5,1.85,2.42,1484,0
40.41,1.42,3.14,1430,0
44.19,1.38,3.06,1528,0
65.14,3.86,3.56,1331,1
43.43,1.35,2.71,1495,0
48.65,1.48,2.31,1433,0
49.81,1.66,3.68,1490,0
47.37,1.26,3.25,1561,0
49.76,1.51,3.15,1496,0
72.24,2.97,4.72,1738,1
57.01,3.35,5.31,965,1
68.09,3.15,4.02,1763,1
42.0,0.8,2.87,1474,0
48.99,1.31,3.17,1523,0
46.63,1.02,2.52,1608,0
41.79,1.37,2.42,1497,0
48.51,1.25,3.22,1514,0
40.58,1.35,2.58,1680,0
38.23,1.07,3.1,1396,0
38.78,0.98,3.36,1495,0
47.06,1.44,3.37,1496,0
38.57,1.88,3.05,1490,0
47.44,1.27,3.44,1454,0
51.39,1.67,3.08,1429,0
54.86,3.73,4.3,1348,1
48.14,1.36,3.77,1394,0
47.88,1.6,3.5,1682,0
44.8,1.39,3.28,1519,0
49.92,1.42,3.53,1495,0
48.74,1.3,2.78,1555,0
47.78,1.24,3.63,1545,0
63.69,3.4,4.13,1312,1
40.74,1.33,2.82,1471,0
41.05,0.71,3.1,1512,0
45.31,1.0,3.32,1534,0
44.01,1.25,3.04,1495,0
65.99,3.55,3.54,1074,1
50.56,1.29,2.36,1422,0
58.51,3.67,3.33,1487,1
49.58,1.82,3.0,1331,0
47.33,1.45,2.69,1511,0
39.71,1.53,2.98,1421,0
42.33,1.51,2.37,1434,0
40.77,1.03,3.16,1518,0
42.62,1.31,2.65,1486,0
39.9,1.47,2.73,1361,0
46.83,1.63,3.01,1447,0
49.3,1.37,2.98,1483,0
48.08,1.43,2.77,1465,0
78.41,2.05,4.14,1415,1
44.91,1.51,2.89,1510,0
44.49,1.54,3.28,1302,0
65.9,2.92,4.4,1302,1
46.63,1.43,3.6,1565,0
63.98,3.27,4.79,1306,1
45.6,0.87,3.13,1412,0
49.2,1.16,3.19,1596,0
37.66,1.51,2.78,1450,0
67.17,3.62,4.79,1113,1
41.95,1.89,3.05,1583,0
51.2,0.94,3.03,1511,0
40.47,1.3,3.15,1473,0
77.5,3.09,3.4,1037,1
66.72,3.27,4.38,1464,1
53.82,2.98,4.78,1462,1
42.17,1.21,2.73,1504,0
57.68,2.94,4.66,1408,1
47.96,1.37,2.72,1412,0
47.84,1.34,2.84,1489,0
45.8,1.09,2.68,1408,0
41.59,1.14,3.64,1512,0
45.91,1.24,2.61,1497,0
64.03,1.84,3.72,1115,1
50.79,1.45,2.52,1417,0
38.0,1.41,2.54,1432,0
47.62,0.9,2.87,1418,0
36.08,1.78,3.09,1434,0
40.73,1.91,2.54,1561,0
61.02,4.05,5.04,1311,1
63.51,3.49,4.71,1093,1
83.62,3.04,4.48,951,1
67.1,2.88,4.31,1307,1
48.77,1.27,3.25,1466,0
43.13,1.17,3.67,1499,0
43.14,1.51,3.27,1526,0
39.92,1.69,2.85,1387,0
44.61,1.27,2.15,1403,0
47.73,1.32,3.23,1432,0
43.74,1.31,2.97,1609,0
48.32,1.31,3.27,1503,0
54.65,1.6,2.51,1417,0
43.54,1.28,2.99,1458,0
46.17,1.32,2.97,1382,0
57.29,4.17,4.23,1328,1
47.65,0.96,3.04,1574,0
61.41,3.82,5.48,1282,1
41.36,0.91,3.44,1538,0
63.75,2.3,4.16,1048,1
68.14,3.2,4.35,1403,1
45.98,1.35,2.75,1573,0
46.99,1.53,3.3,1411,0
44.29,1.62,2.82,1470,0
42.88,1.12,2.93,1478,0
65.62,2.62,4.06,1252,1
41.27,1.73,3.28,1439,0
46.12,1.69,2.77,1406,0
68.5,3.53,3.85,1332,1
45.13,1.66,3.6,1389,0
50.6,1.59,2.88,1514,0
47.85,1.33,2.98,1451,0
55.05,1.68,2.79,1581,0
51.52,1.32,3.1,1482,0
42.98,1.3,3.47,1495,0
48.1,1.32,3.27,1530,0
57.57,3.79,5.49,939,1
51.75,1.54,3.41,1546,0
43.33,1.48,2.48,1539,0
49.73,1.2,2.96,1644,0
70.96,2.48,4.77,1307,1
40.9,1.44,3.31,1612,0
42.4,1.67,3.17,1578,0
43.63,1.53,3.64,1518,0
74.49,2.33,4.98,1061,1
66.54,3.74,4.13,1055,1
39.37,1.56,3.21,1570,0
45.81,0.87,3.28,1423,0
73.1,3.08,4.09,1210,1
35.05,1.63,3.04,1502,0
49.78,3.92,5.06,1367,1
67.86,2.86,4.91,1228,1
50.28,3.69,4.33,1109,1
41.71,1.41,3.17,1510,0
39.57,1.47,2.95,1435,0
51.01,1.23,3.07,1642,0
68.89,2.63,5.42,1486,1
62.24,1.96,4.91,1216,1
43.8,1.75,2.76,1510,0
39.62,1.71,3.45,1442,0
44.84,1.26,2.91,1553,0
45.72,1.58,3.4,1581,0
45.9,0.78,3.28,1396,0
73.87,3.45,4.58,1285,1
47.68,1.45,3.6,1408,0
41.65,1.22,2.74,1641,0
68.92,3.54,4.6,1178,1
46.44,1.56,2.8,1667,0
46.29,1.77,3.44,1433,0
47.03,1.53,3.21,1632,0
49.54,1.22,2.63,1606,0
43.67,1.03,3.15,1517,0
44.83,1.54,2.82,1491,0
40.24,1.42,2.96,1521,0
42.36,1.86,3.31,1444,0
37.57,1.34,3.75,1562,0
44.47,1.34,3.49,1482,0
43.41,1.23,2.71,1573,0
45.51,1.18,2.52,1400,0
60.03,1.62,3.81,1351,1
50.1,1.73,2.86,1666,0
59.5,2.22,5.43,1367,1
54.67,2.48,4.75,1412,1
51.51,1.1,3.63,1630,0
50.69,1.21,3.61,1529,0
46.66,1.64,2.55,1564,0
49.77,1.41,3.48,1480,0
53.84,1.4,3.39,1351,0
39.74,1.1,2.86,1343,0
44.5,1.25,2.56,1532,0
44.17,1.8,3.12,1432,0
47.17,1.03,2.98,1564,0
44.37,1.51,2.58,1490,0
47.65,1.74,2.81,1376,0
44.84,1.53,2.75,1483,0
47.28,0.65,2.8,1531,0
45.39,0.92,3.13,1521,0
50.78,2.03,4.27,1404,1
49.85,1.24,2.96,1511,0
45.9,1.8,2.57,1613,0
50.97,3.82,4.82,1285,1
45.28,1.03,2.67,1542,0
46.84,1.37,2.66,1675,0
39.83,1.41,3.37,1530,0
45.9,1.54,3.0,1275,0
48.29,1.54,2.47,1517,0
61.03,3.06,4.23,1515,1
43.55,1.2,3.47,1526,0
48.9,1.31,3.56,1498,0
54.13,1.33,2.84,1410,0
42.13,1.46,2.76,1486,0
46.29,1.54,3.04,1496,0
36.16,1.5,3.07,1479,0
39.92,1.45,3.34,1338,0
43.27,1.24,2.95,1503,0
72.58,3.41,4.86,955,1
48.64,1.55,2.75,1510,0
63.94,2.87,4.83,1133,1
49.33,1.08,2.82,1625,0
43.21,1.22,3.4,1468,0
45.52,1.6,2.65,1512,0
49.38,1.23,3.02,1469,0
45.56,1.83,2.84,1490,0
43.35,1.32,3.32,1565,0
42.49,0.99,2.43,1518,0
60.51,3.01,4.83,1516,1
42.15,1.54,2.38,1587,0
74.72,3.33,3.79,1287,1
44.21,1.68,2.88,1473,0
45.91,1.28,3.23,1527,0
40.99,1.42,3.49,1565,0
58.85,3.86,4.24,1336,1
38.37,1.68,3.73,1596,0
39.94,1.56,2.67,1541,0
66.05,3.28,3.78,1142,1
60.31,2.96,4.14,1478,1
47.67,1.43,2.56,1452,0
50.24,1.51,3.04,1490,0
37.35,1.39,2.8,1431,0
65.52,3.82,4.52,1342,1
49.35,1.2,3.51,1525,0
51.13,1.56,2.78,1461,0
38.53,0.95,3.02,1509,0
53.61,1.35,2.74,1343,0
51.18,2.54,3.99,1024,1
41.36,1.14,2.44,1497,0
37.78,1.14,2.49,1516,0
42.84,1.55,3.39,1467,0
47.42,1.11,2.66,1530,0
49.45,1.05,3.45,1605,0
49.54,1.49,3.39,1401,0
41.38,1.29,2.82,1646,0
49.05,1.55,3.3,1384,0
40.82,1.04,2.87,1486,0
43.54,1.44,2.93,1560,0
48.46,0.95,2.73,1595,0
50.89,1.34,2.9,1519,0
47.31,1.21,3.13,1405,0
36.31,1.08,3.43,1451,0
60.67,3.5,4.83,1366,1
49.47,1.66,3.2,1387,0
48.11,1.87,3.23,1672,0
42.76,1.14,2.46,1705,0
49.94,1.12,2.87,1474,0
66.99,2.55,5.21,1327,1
40.23,1.51,3.05,1455,0
48.11,1.19,2.12,1455,0
48.43,1.51,3.15,1383,0
39.65,1.26,3.57,1460,0
42.47,1.49,3.04,1609,0
42.12,1.81,3.0,1593,0
47.55,1.48,3.41,1548,0
42.81,1.05,2.92,1490,0
44.89,0.88,2.58,1418,0
39.97,1.21,2.96,1622,0
38.14,1.68,2.92,1464,0
50.11,1.04,2.77,1627,0
43.94,1.51,2.9,1224,0
43.52,1.52,3.56,1597,0
43.86,1.34,2.68,1614,0
64.68,2.17,4.81,1630,1
50.54,1.25,3.03,1475,0
44.51,1.35,3.01,1593,0
44.56,1.34,3.39,1474,0
44.91,1.32,3.58,1440,0
42.1,1.72,3.16,1477,0
45.93,1.32,2.84,1547,0
48.24,1.42,2.65,1588,0
47.58,0.99,3.15,1455,0
45.49,0.86,2.94,1532,0
42.69,1.29,3.0,1535,0
50.53,1.12,3.42,1583,0
44.1,1.26,3.87,1446,0
41.73,1.56,3.52,1460,0
47.06,1.01,2.84,1521,0
42.79,1.18,3.0,1461,0
47.26,1.29,3.0,1632,0
64.57,2.02,4.56,1472,1
45.56,1.33,3.31,1433,0
45.87,1.07,2.36,1398,0
51.74,1.63,3.44,1598,0
49.67,1.53,2.47,1573,0
46.73,1.7,3.37,1539,0
55.24,1.86,2.98,1590,0
43.1,1.34,2.86,1390,0
41.32,1.27,2.93,1378,0
40.95,1.12,3.24,1456,0
49.89,1.49,3.32,1479,0
69.17,2.59,5.12,1135,1
75.53,2.63,3.94,1226,1
46.62,0.9,3.78,1547,0
45.63,1.12,2.51,1461,0
41.1,1.13,3.21,1453,0
47.05,1.27,2.37,1634,0
43.76,1.6,2.7,1569,0
40.99,1.57,2.65,1491,0
45.75,1.27,3.05,1314,0
43.92,1.11,3.3,1501,0
45.59,1.39,3.27,1512,0
44.79,1.73,3.1,1582,0
41.72,1.76,3.11,1533,0
44.45,1.27,3.01,1443,0
70.48,3.64,4.45,1263,1
51.13,1.39,3.35,1406,0
52.82,1.35,3.17,1360,0
62.55,3.73,5.47,1067,1
41.98,1.38,3.01,1581,0
53.91,3.06,5.17,1189,1
41.75,0.97,3.54,1569,0
47.61,1.16,3.67,1359,0
44.7,1.69,3.02,1467,0
48.26,1.28,3.13,1505,0
63.38,2.65,4.64,1230,1
45.61,1.43,3.45,1709,0
45.14,1.17,3.09,1536,0
47.9,1.54,3.12,1516,0
66.37,2.77,5.21,1789,1
62.54,3.79,3.9,1062,1
68.5,2.36,3.79,1303,1
44.01,1.38,2.71,1308,0
45.72,1.8,2.17,1509,0
54.08,1.56,3.31,1539,0
63.45,4.3,3.23,1088,1
66.44,2.53,3.34,1544,1
44.86,1.15,3.3,1500,0
41.09,1.42,3.32,1635,0
56.66,2.28,3.41,1019,1
78.21,2.98,3.73,1230,1
74.0,3.19,3.85,1211,1
38.59,1.48,3.52,1514,0
50.58,1.39,2.71,1477,0
46.14,1.62,2.75,1421,0
38.49,1.32,2.65,1536,0
39.27,1.19,3.12,1483,0
45.34,1.24,2.75,1491,0
47.18,1.44,2.63,1498,0
41.78,1.32,2.64,1534,0
47.39,1.15,3.17,1636,0
46.79,1.33,3.29,1611,0
44.43,1.52,3.27,1546,0
47.98,1.49,3.1,1532,0
42.5,1.51,2.79,1524,0
53.66,1.52,3.37,1527,0
45.29,1.4,2.41,1651,0
46.81,1.3,2.59,1382,0
52.51,2.18,4.86,1386,1
43.12,1.1,3.1,1397,0
45.06,1.46,2.84,1523,0
51.5,1.51,3.08,1641,0
45.14,1.57,2.88,1407,0
81.95,2.94,3.36,1353,1
43.43,1.39,3.27,1674,0
60.31,3.21,5.27,1361,1
45.83,1.29,2.97,1550,0
42.78,1.19,2.84,1414,0
41.11,1.29,3.3,1399,0
46.34,1.25,3.29,1552,0
36.2,1.15,3.5,1511,0
37.82,1.44,3.12,1440,0
46.31,1.24,3.38,1629,0
41.39,1.65,3.46,1451,0
43.63,1.5,2.66,1435,0
41.94,1.39,2.76,1452,0
44.03,1.44,3.11,1472,0
44.12,1.78,3.09,1437,0
36.66,1.02,3.46,1429,0
36.7,1.31,2.86,1522,0
50.51,1.44,2.99,1358,0
46.68,1.44,2.18,1583,0
38.47,1.68,3.72,1386,0
42.4,1.29,2.69,1616,0
50.42,3.45,3.99,1059,1
48.67,1.43,2.98,1430,0
45.87,1.3,3.2,1531,0
40.89,1.28,2.97,1403,0
39.69,1.38,2.75,1501,0
46.12,1.48,3.34,1493,0
53.52,2.99,4.82,1492,1
45.31,1.41,3.32,1565,0
43.41,1.3,2.55,1511,0
58.85,2.7,4.05,1085,1
52.23,3.44,5.02,1103,1
49.5,1.68,2.95,1449,0
41.75,1.16,2.87,1517,0
43.9,1.4,2.89,1557,0
37.34,1.32,2.57,1667,0
60.72,2.76,5.36,1052,1
44.04,1.12,2.82,1549,0
47.96,1.8,2.69,1546,0
44.77,1.85,3.29,1596,0
39.54,1.18,3.36,1469,0
47.94,1.55,3.18,1415,0
45.06,1.28,2.82,1387,0
61.5,1.54,4.17,1082,1
43.14,0.84,2.79,1575,0
67.32,3.37,3.5,1246,1
51.74,1.45,2.9,1532,0
41.9,1.47,2.18,1444,0
39.35,1.57,3.39,1549,0
67.68,4.11,4.25,1613,1
47.75,1.17,2.74,1474,0
42.6,1.6,2.87,1496,0
48.83,1.37,3.12,1501,0
46.38,1.17,3.2,1421,0
51.71,1.5,3.18,1627,0
46.13,1.05,2.91,1519,0
45.67,1.63,2.85,1594,0
44.11,1.74,3.22,1531,0
47.54,1.65,3.09,1433,0
42.61,1.33,3.15,1507,0
66.4,2.95,4.46,1445,1
46.06,1.06,3.34,1344,0
49.76,1.35,3.23,1616,0
42.75,1.36,2.96,1412,0
46.43,1.62,2.49,1391,0
43.91,1.4,2.99,1540,0
51.57,1.37,3.6,1364,0
47.09,1.37,3.14,1514,0
69.91,2.2,4.16,1229,1
45.49,1.45,2.77,1393,0
67.57,3.37,4.06,1273,1
54.1,1.6,2.82,1518,0
48.66,1.24,3.07,1344,0
43.05,1.31,3.52,1497,0
69.11,1.58,4.87,1336,1
39.94,1.41,2.73,1430,0
44.16,1.64,3.05,1560,0
43.52,1.09,2.38,1568,0
43.17,1.46,3.22,1514,0
42.5,1.45,2.36,1534,0
44.56,1.07,2.74,1352,0
36.87,1.39,2.81,1483,0
46.64,1.54,3.43,1391,0
39.13,1.08,3.56,1448,0
48.75,1.43,3.12,1374,0
44.81,1.42,2.7,1356,0
40.53,1.24,3.08,1454,0
38.02,1.51,2.59,1371,0
50.56,1.67,3.25,1502,0
47.69,1.28,2.77,1580,0
52.81,1.25,3.11,1557,0
33.31,1.32,2.99,1534,0
71.19,2.63,4.01,1119,1
46.99,1.47,2.33,1519,0
41.31,1.28,3.26,1504,0
43.76,1.61,2.95,1447,0
43.97,1.78,3.03,1398,0
44.92,1.15,3.13,1573,0
47.07,1.33,3.31,1527,0
49.8,1.54,2.69,1487,0
58.49,2.8,4.47,1254,1
44.32,1.67,3.18,1582,0
46.39,1.16,2.69,1476,0
40.03,1.34,3.77,1508,0
50.09,1.49,2.83,1501,0
43.22,1.6,2.54,1472,0
42.43,1.62,3.32,1538,0
44.67,1.33,3.31,1381,0
65.34,2.55,4.41,982,1
36.58,0.96,2.91,1558,0
61.38,3.1,3.9,1386,1
43.94,1.13,2.99,1336,0
45.1,0.97,3.36,1491,0
46.55,1.23,3.6,1420,0
47.71,1.4,4.07,1459,0
44.58,1.22,3.01,1421,0
41.15,1.49,3.32,1562,0
49.27,1.17,3.12,1451,0
49.19,1.85,3.04,1519,0
39.64,0.85,2.91,1513,0
45.34,1.74,2.53,1518,0
68.19,2.98,5.65,1185,1
60.8,2.33,3.95,1219,1
41.95,1.2,3.03,1524,0
36.46,1.25,3.05,1532,0
47.0,1.6,2.99,1524,0
43.66,1.78,3.12,1427,0
45.07,2.19,2.85,1408,0
45.06,1.49,3.3,1382,0
59.49,2.75,5.33,1494,1
43.72,1.39,2.74,1593,0
48.31,1.37,2.79,1538,0
43.54,1.62,3.3,1394,0
40.92,1.15,2.85,1609,0
49.77,1.5,2.77,1449,0
43.22,1.62,3.53,1580,0
50.75,1.5,2.55,1685,0
41.99,1.6,3.5,1465,0
48.83,1.67,2.55,1358,0
37.9,1.39,2.92,1592,0
44.12,1.33,3.18,1532,0
45.27,1.89,3.34,1671,0
42.67,1.27,2.94,1661,0
40.64,1.49,2.56,1531,0
67.65,3.45,4.06,1134,1
49.92,1.01,3.61,1460,0
45.89,1.18,3.76,1501,0
38.62,0.96,3.23,1420,0
66.99,2.18,4.52,1386,1
54.62,1.82,3.57,1373,0
67.84,3.67,2.81,1019,1
48.43,1.43,3.48,1438,0
45.79,1.32,3.04,1496,0
56.56,3.99,4.48,1308,1
62.36,3.94,4.93,936,1
47.57,1.32,2.95,1494,0
45.58,1.26,3.19,1435,0
48.13,1.39,2.91,1548,0
43.07,1.41,2.9,1489,0
47.02,1.26,2.51,1510,0
66.98,2.58,4.66,1283,1
54.76,1.38,2.94,1576,0
48.3,0.96,3.06,1561,0
46.29,1.42,3.35,1395,0
47.78,1.34,3.01,1451,0
46.87,1.33,3.67,1399,0
61.58,2.21,5.57,1037,1
72.65,3.06,4.02,1424,1
36.68,1.28,2.85,1435,0
41.7,1.64,2.67,1506,0
51.78,1.47,3.01,1518,0
41.49,1.42,2.58,1562,0
39.26,1.66,3.07,1474,0
61.6,2.56,4.94,899,1
46.91,1.53,3.34,1556,0
67.94,2.9,5.05,1608,1
41.02,1.2,3.69,1400,0
44.81,1.45,2.57,1337,0
41.81,1.88,3.59,1533,0
56.47,1.68,3.24,1555,0
55.67,3.24,3.98,888,1
65.3,2.32,3.65,1508,1
46.45,1.88,2.93,1504,0
49.29,1.82,3.39,1472,0
71.38,2.08,4.47,1146,1
40.6,1.91,2.72,1567,0
47.47,1.33,3.4,1415,0
73.61,2.85,4.4,1259,1
45.09,1.51,3.23,1590,0
44.73,1.47,2.62,1519,0
46.15,1.53,2.75,1483,0
38.8,1.33,3.05,1564,0
41.28,0.9,3.23,1683,0
40.07,1.63,3.24,1576,0
42.89,1.48,3.0,1371,0
47.78,0.98,3.3,1423,0
44.36,1.54,2.95,1431,0
45.41,1.51,2.21,1562,0
54.78,1.4,3.61,1533,0
54.82,3.44,3.19,1107,1
51.68,1.76,2.91,1521,0
49.31,1.59,2.89,1499,0
42.65,1.34,2.71,1539,0
39.69,1.4,2.84,1461,0
54.3,1.29,2.99,1462,0
40.17,0.96,2.74,1439,0
46.33,1.2,3.45,1445,0
48.11,1.33,3.43,1511,0
47.33,1.9,3.25,1497,0
61.49,3.18,4.36,1345,1
42.56,1.18,2.75,1467,0
43.0,1.24,3.58,1543,0
37.88,1.74,2.73,1338,0
41.41,1.5,2.73,1503,0
51.2,2.77,4.89,1159,1
50.37,1.39,3.27,1476,0
46.62,0.91,3.17,1541,0
58.94,3.2,4.02,1123,1
42.04,1.35,3.06,1579,0
64.06,2.85,5.0,1500,1
72.59,3.07,4.81,1133,1
57.77,2.73,6.05,1410,1
65.24,3.25,4.33,1414,1
48.0,1.16,3.32,1435,0
69.87,2.38,4.94,1153,1
45.81,1.78,3.36,1354,0
47.16,1.19,2.85,1381,0
47.75,1.92,3.1,1543,0
49.68,1.5,2.95,1461,0
46.68,1.63,3.15,1590,0
34.19,1.28,3.04,1522,0
63.74,3.39,3.59,1403,1
67.64,2.27,5.19,1324,1
46.65,1.44,2.92,1450,0
65.1,2.84,4.24,1037,1
45.01,1.42,3.59,1487,0
75.17,2.62,4.51,1289,1
44.71,1.7,2.64,1435,0
43.01,1.49,3.01,1490,0
47.51,1.37,3.52,1491,0
66.9,3.35,4.79,1109,1
47.23,1.67,3.67,1512,0
49.47,1.56,3.25,1387,0
40.61,1.55,3.02,1605,0
46.83,1.66,2.97,1591,0
44.14,1.94,3.19,1489,0
50.77,1.28,2.93,1573,0
38.74,1.44,3.44,1604,0
44.86,1.16,3.1,1401,0
54.91,3.8,4.39,1520,1
41.12,1.52,3.51,1369,0
59.57,3.04,4.59,1441,1
66.37,3.25,4.65,1293,1
42.0,1.52,3.28,1582,0
40.73,1.34,2.42,1565,0
43.08,1.43,2.9,1707,0
43.48,1.6,3.1,1545,0
45.12,1.88,3.07,1502,0
46.92,1.3,2.97,1424,0
42.9,1.16,3.46,1518,0
54.65,2.03,3.24,1434,0
43.51,1.17,2.28,1478,0
50.98,1.62,3.63,1443,0
45.93,1.02,3.32,1524,0
41.18,1.39,3.11,1471,0
41.95,1.63,3.24,1532,0
41.65,1.22,3.12,1565,0
44.49,1.04,2.59,1471,0
45.3,1.45,3.25,1657,0
47.67,1.19,3.05,1475,0
78.13,2.55,5.71,973,1
43.59,0.98,3.48,1563,0
43.09,1.69,2.86,1558,0
45.6,1.28,3.49,1503,0
51.13,1.93,3.27,1593,0
53.54,1.44,2.84,1559,0
44.76,0.85,2.84,1380,0
50.96,1.62,3.09,1600,0
79.38,3.15,4.6,1313,1
60.36,2.41,4.35,1278,1
75.14,2.58,3.88,971,1
71.37,2.18,5.82,1428,1
42.9,1.52,3.19,1548,0
65.46,2.69,5.11,1196,1
46.23,1.62,3.38,1522,0
53.24,2.8,3.1,925,1
36.64,1.16,2.53,1516,0
41.65,1.44,3.34,1507,0
50.21,1.2,3.1,1538,0
48.09,1.18,3.43,1611,0
45.07,1.51,3.29,1445,0
70.32,3.21,3.94,1080,1
42.47,1.85,3.1,1505,0
57.94,2.73,4.67,1408,1
67.67,3.91,5.01,1269,1
42.96,1.49,3.03,1493,0
46.08,1.52,2.72,1527,0
64.66,2.55,4.85,1388,1
49.36,1.51,3.17,1442,0
63.76,3.95,5.12,1094,1
43.83,1.26,2.2,1419,0
43.91,0.91,3.31,1432,0
58.31,4.07,3.76,1476,1
42.53,1.63,2.77,1671,0
45.97,1.4,3.49,1523,0
57.9,3.58,4.29,1153,1
48.68,1.45,3.54,1595,0
46.58,1.15,3.25,1463,0
57.39,1.3,2.84,1539,0
45.17,1.33,3.23,1508,0
64.09,3.18,5.14,1271,1
51.55,1.5,3.35,1320,0
69.55,3.31,3.49,1487,1
34.52,0.88,3.05,1457,0
55.05,3.15,2.91,1614,1
56.41,3.75,3.16,1199,1
41.53,1.56,2.98,1702,0
39.97,1.45,3.14,1405,0
48.97,1.61,2.65,1638,0
46.52,1.41,3.23,1634,0
39.86,1.34,2.34,1527,0
47.15,1.65,3.39,1388,0
61.88,4.51,5.11,1273,1
70.69,3.27,4.75,1236,1
43.03,1.49,2.6,1498,0
44.8,1.5,3.1,1611,0
40.21,1.65,2.88,1490,0
42.93,1.6,2.63,1401,0
40.25,1.23,2.51,1408,0
49.71,1.51,3.13,1575,0
63.07,4.33,5.22,1327,1
41.4,1.54,2.74,1425,0
43.95,1.6,2.88,1591,0
51.25,1.84,3.36,1498,0
68.26,2.52,4.26,1113,1
61.32,3.68,3.95,1470,1
42.39,1.43,3.34,1409,0
43.76,1.32,2.92,1592,0
43.26,1.5,3.17,1371,0
46.47,1.9,3.21,1474,0
67.75,2.51,4.21,1534,1
48.41,1.53,3.24,1566,0
53.83,4.13,5.29,1410,1
45.3,1.11,3.33,1481,0
50.04,1.4,2.73,1497,0
45.28,1.17,3.05,1492,0
45.13,1.58,3.18,1618,0
74.86,2.8,4.18,1206,1
46.23,1.18,2.98,1369,0
49.34,1.46,3.51,1485,0
44.49,0.95,3.22,1582,0
43.74,1.15,3.0,1487,0
42.64,1.56,2.83,1677,0
42.43,1.72,2.77,1485,0
40.47,1.25,3.82,1389,0
52.57,1.35,2.29,1499,0
44.6,1.49,3.05,1535,0
54.2,1.47,2.3,1518,0
39.9,1.18,3.14,1565,0
40.1,1.65,2.81,1419,0
60.29,3.13,4.76,1399,1
44.38,1.2,2.81,1449,0
44.77,1.44,3.02,1483,0
40.02,0.95,3.18,1455,0
42.98,1.41,2.46,1430,0
63.71,3.41,4.24,1288,1
60.69,2.75,3.22,1388,1
51.94,1.61,3.14,1380,0
45.29,1.2,3.38,1469,0
49.16,1.83,2.85,1472,0
40.54,1.45,3.08,1417,0
46.33,1.51,3.3,1410,0
46.35,1.45,3.5,1561,0
40.27,1.37,2.63,1535,0
35.9,1.72,3.04,1499,0
70.61,4.39,3.99,1384,1
47.12,1.26,3.07,1696,0
40.98,1.28,3.24,1432,0
45.63,1.26,3.16,1536,0
45.03,1.59,3.11,1414,0
49.12,1.27,3.13,1540,0
39.98,1.19,3.14,1338,0
48.91,1.23,3.11,1535,0
43.51,1.29,2.7,1496,0
45.93,1.42,3.08,1458,0
80.41,3.69,4.33,1231,1
39.63,1.16,2.65,1445,0
53.71,1.63,3.1,1390,0
43.21,1.74,2.75,1518,0
43.97,1.59,2.87,1480,0
62.91,3.4,6.13,1285,1
40.72,1.21,3.0,1542,0
52.19,1.86,2.79,1613,0
43.36,1.19,2.82,1555,0
42.49,1.41,2.78,1474,0
42.67,1.39,3.27,1507,0
61.32,3.56,5.26,1335,1
41.98,1.35,3.28,1375,0
55.89,2.85,4.86,1329,1
49.72,1.21,3.54,1512,0
48.54,1.59,2.58,1527,0
43.2,1.14,3.03,1555,0
69.67,2.77,4.08,1154,1
46.41,1.1,2.95,1478,0
68.52,3.16,4.71,969,1
52.97,1.07,2.97,1447,0
50.26,1.26,2.98,1522,0
50.02,1.09,3.17,1403,0
44.0,1.02,3.47,1551,0
44.2,1.33,3.04,1486,0
73.24,3.46,3.31,1057,1
50.81,1.56,3.32,1434,0
47.79,1.63,2.72,1582,0
47.84,1.91,3.13,1261,0
47.09,0.86,3.33,1419,0
51.99,1.1,3.33,1459,0
42.29,1.31,2.88,1665,0
71.17,2.09,4.97,1351,1
39.4,0.92,3.7,1491,0
50.12,1.19,2.96,1493,0
72.54,3.26,4.77,1211,1
49.93,1.12,2.38,1501,0
42.45,1.32,2.9,1313,0
46.28,1.3,3.12,1549,0
46.12,1.02,2.89,1559,0
48.2,1.76,3.33,1455,0
45.16,0.97,2.96,1429,0
44.68,1.61,2.9,1598,0
43.94,1.53,2.07,1514,0
41.7,0.94,2.91,1624,0
45.43,1.51,3.0,1529,0
59.57,2.47,3.47,1324,1
65.36,4.16,4.84,1097,1
56.2,4.38,5.29,1261,1
52.18,2.76,4.9,1035,1
42.96,2.09,3.19,1514,0
49.32,1.23,3.0,1542,0
41.56,1.56,2.81,1493,0
57.8,3.34,3.28,1169,1
51.39,1.92,3.22,1296,0
48.19,0.86,2.93,1375,0
40.27,1.52,2.92,1433,0
44.76,1.31,3.36,1437,0
57.05,2.08,4.21,1137,1
50.26,1.32,3.06,1393,0
43.59,1.35,2.62,1606,0
50.02,1.26,2.69,1583,0
45.58,1.36,3.19,1512,0
42.74,1.17,3.2,1595,0
39.31,1.53,3.07,1622,0
49.0,1.26,3.56,1390,0
59.17,2.82,4.08,1289,1
36.65,1.57,2.93,1416,0
35.05,1.25,3.77,1521,0
46.71,1.33,2.96,1648,0
45.83,1.27,2.81,1465,0
48.91,1.69,3.42,1580,0
65.86,2.33,4.21,1344,1
44.36,1.45,2.75,1509,0
45.85,1.21,2.9,1528,0
46.6,1.08,3.61,1617,0
46.8,1.52,3.35,1437,0
58.78,1.79,3.93,1061,1
45.32,1.15,3.18,1354,0
43.73,0.94,2.52,1588,0
67.2,1.57,4.55,1351,1
58.05,2.49,3.6,1383,1
41.04,1.62,3.47,1452,0
53.22,1.41,2.63,1521,0
48.8,1.35,2.77,1432,0
43.01,1.75,3.09,1510,0
34.39,1.44,3.36,1396,0
52.43,1.5,2.42,1433,0
42.91,1.48,3.36,1476,0
45.46,1.7,2.63,1566,0
44.99,1.34,2.7,1608,0
55.43,1.2,3.28,1469,0
47.76,1.25,3.16,1572,0
54.14,2.58,4.34,1587,1
45.93,1.48,3.27,1534,0
49.13,1.48,2.77,1450,0
49.54,1.51,2.52,1608,0
47.79,1.44,3.24,1465,0
44.09,1.51,2.31,1487,0
39.89,1.33,3.66,1487,0
44.83,1.37,2.68,1609,0
40.97,1.03,2.37,1531,0
43.43,1.41,3.26,1410,0
47.08,1.73,3.07,1529,0
45.41,1.42,2.83,1448,0
36.48,1.52,3.12,1601,0
42.81,1.34,2.77,1439,0
63.05,2.98,4.02,1429,1
48.12,1.33,3.25,1358,0
42.43,0.9,3.13,1585,0
39.0,1.17,3.4,1446,0
58.07,1.79,3.64,1212,1
49.71,1.3,2.5,1385,0
37.14,1.58,2.53,1508,0
38.35,1.39,2.96,1518,0
50.77,1.02,2.8,1628,0
41.86,1.46,3.27,1425,0
38.74,1.53,2.74,1481,0
44.73,1.42,3.55,1373,0
47.0,1.19,2.72,1628,0
44.04,1.46,3.47,1454,0
49.42,0.85,2.94,1391,0
41.17,1.4,2.83,1528,0
45.27,1.27,2.94,1566,0
45.53,1.13,3.31,1561,0
56.91,3.49,4.65,1221,1
44.18,1.91,3.45,1510,0
38.01,1.6,3.33,1356,0
45.08,1.22,3.57,1477,0
43.06,0.87,2.73,1491,0
47.77,1.18,2.46,1464,0
62.54,3.3,3.55,1171,1
45.49,1.28,2.64,1491,0
43.72,1.11,3.35,1637,0
66.68,3.31,4.36,1523,1
47.37,1.17,3.04,1396,0
42.93,1.56,2.66,1453,0
46.06,0.7,2.88,1601,0
41.47,1.22,3.27,1577,0
33.64,1.38,3.16,1469,0
45.94,1.73,2.66,1427,0
53.1,1.67,3.02,1481,0
47.0,1.04,2.8,1493,0
38.61,1.19,2.9,1521,0
47.61,1.37,3.67,1390,0
49.14,1.37,2.79,1569,0
51.36,1.51,3.66,1522,0
47.83,1.34,2.87,1484,0
44.36,1.14,3.18,1581,0
48.84,1.08,3.08,1550,0
45.41,1.1,2.75,1523,0
40.52,1.31,3.35,1413,0
48.03,1.3,3.17,1472,0
46.68,1.38,2.89,1475,0
44.88,1.47,2.9,1353,0
43.8,1.68,2.85,1461,0
45.05,1.37,2.76,1455,0
43.85,1.23,3.02,1549,0
44.37,1.76,2.86,1380,0
62.42,2.8,5.67,1572,1
46.33,1.27,2.67,1587,0
59.54,2.92,4.77,1118,1
63.34,2.55,5.77,997,1
43.69,1.56,3.1,1549,0
45.1,1.49,3.38,1463,0
41.79,1.5,3.19,1515,0
47.58,1.64,2.68,1342,0
40.94,1.29,2.79,1538,0
64.11,3.95,4.68,1217,1
49.29,1.12,2.82,1432,0
43.35,1.86,3.02,1629,0
50.99,1.1,2.85,1568,0
56.59,3.5,4.54,1372,1
40.22,1.67,3.25,1459,0
47.54,1.6,2.48,1550,0
43.07,1.61,2.08,1460,0
45.95,1.23,2.52,1378,0
43.69,1.2,4.03,1500,0
46.41,1.7,2.54,1440,0
44.79,1.12,3.26,1464,0
79.45,2.99,4.28,1696,1
46.75,1.75,2.76,1401,0
67.44,3.24,4.56,1744,1
49.59,1.24,3.96,1442,0
50.45,1.46,2.91,1573,0
48.4,1.43,3.05,1419,0
72.08,3.32,3.65,1410,1
44.01,1.53,3.14,1461,0
48.28,1.61,3.2,1494,0
41.29,1.27,3.56,1427,0
59.83,2.73,4.67,1508,1
67.86,3.49,4.23,1334,1
41.02,1.62,2.96,1375,0
52.2,1.46,3.1,1552,0
44.91,1.61,2.69,1428,0
38.75,1.36,2.83,1403,0
42.52,1.27,3.07,1502,0
44.61,1.53,3.31,1432,0
35.05,1.48,2.75,1303,0
61.0,3.02,4.5,1200,1
49.08,1.3,2.72,1544,0
41.57,1.72,2.27,1573,0
43.11,1.63,3.23,1515,0
56.48,2.47,4.02,1345,1
42.35,1.36,2.84,1513,0
69.16,2.37,4.8,994,1
46.16,1.31,2.9,1632,0
47.42,1.25,2.62,1578,0
40.82,1.41,3.34,1331,0
37.48,1.05,3.0,1526,0
40.33,1.48,2.82,1481,0
57.65,3.31,5.0,1218,1
48.4,1.65,2.94,1454,0
75.18,2.78,5.59,1381,1
69.77,3.17,4.23,1408,1
48.23,1.43,3.2,1562,0
44.06,1.54,3.64,1446,0
38.19,1.26,3.73,1438,0
57.37,2.74,4.76,1108,1
41.95,1.64,2.83,1700,0
38.04,1.2,2.64,1481,0
49.95,1.33,3.77,1341,0
78.81,2.51,4.55,1154,1
44.51,1.37,2.51,1510,0
46.7,1.6,2.67,1427,0
39.39,1.69,3.21,1335,0
46.13,1.9,2.92,1429,0
41.24,1.55,3.33,1582,0
41.19,1.78,2.94,1563,0
43.79,1.09,3.46,1485,0
70.23,2.87,4.05,1190,1
41.57,1.33,3.27,1596,0
56.96,3.3,3.78,1718,1
47.97,1.19,3.0,1471,0
43.41,1.16,3.13,1488,0
48.42,1.04,3.02,1403,0
41.86,1.28,2.3,1448,0
56.74,1.1,3.0,1421,0
59.12,0.95,3.86,1553,0
46.78,1.79,2.84,1462,0
46.98,1.61,3.02,1477,0
44.25,1.21,2.98,1563,0
45.18,0.89,3.35,1515,0
59.71,2.83,5.2,1199,1
40.49,1.37,2.43,1429,0
44.35,1.29,3.01,1470,0
41.11,0.99,3.11,1617,0
50.8,1.35,3.09,1478,0
46.55,1.36,2.69,1618,0
53.76,1.62,3.01,1480,0
45.36,1.52,3.42,1443,0
42.47,1.55,2.8,1580,0
48.68,1.21,3.62,1541,0
49.5,1.82,3.71,1591,0
66.01,3.05,4.54,1403,1
60.63,3.14,4.55,1202,1
44.82,1.35,2.93,1632,0
68.1,2.26,4.12,1393,1
44.77,1.46,3.05,1434,0
75.59,3.54,4.07,1550,1
42.08,1.62,3.74,1516,0
78.74,2.92,4.35,1102,1
43.84,0.91,3.23,1426,0
51.51,1.29,3.08,1646,0
47.2,4.03,6.08,1278,1
75.39,3.22,4.15,1284,1
42.46,1.17,3.13,1530,0
50.07,1.44,2.89,1460,0
37.86,1.28,2.88,1543,0
43.21,0.97,2.82,1464,0
44.25,1.53,3.07,1542,0
43.97,1.17,2.83,1506,0
43.91,1.66,3.06,1506,0
51.9,1.39,3.68,1579,0
39.78,1.3,2.97,1495,0
47.76,1.62,3.05,1593,0
47.19,1.37,3.27,1371,0
63.66,3.52,4.67,1536,1
55.43,3.08,4.41,1178,1
48.73,1.52,2.81,1426,0
39.84,1.53,2.69,1381,0
47.99,1.22,2.68,1542,0
50.77,1.41,2.87,1314,0
54.28,1.29,3.23,1419,0
45.91,1.0,2.6,1664,0
41.76,1.53,3.55,1432,0
46.25,1.8,2.8,1500,0
46.17,1.07,3.24,1555,0
47.65,1.56,3.2,1494,0
44.59,0.97,2.82,1526,0
69.85,2.86,3.77,1351,1
43.16,1.4,2.9,1608,0
47.75,1.5,2.62,1552,0
45.23,1.61,3.17,1442,0
42.4,1.31,2.97,1290,0
47.28,1.15,2.93,1406,0
46.43,1.25,2.59,1475,0
50.24,1.32,2.88,1461,0
41.41,1.2,3.03,1502,0
42.78,1.56,3.04,1563,0
64.47,2.47,4.09,1224,1
42.1,1.53,3.53,1578,0
65.92,3.08,4.77,1271,1
44.84,1.27,3.24,1472,0
40.66,0.83,2.72,1596,0
46.3,1.14,3.09,1311,0
36.71,1.79,2.73,1543,0
43.33,1.04,2.7,1454,0
43.98,1.15,2.99,1599,0
41.49,1.47,2.89,1453,0
46.7,1.32,3.23,1456,0
80.2,2.52,5.15,1448,1
65.79,3.41,3.95,1011,1
47.17,1.47,3.26,1458,0
43.3,1.53,3.56,1557,0
47.98,1.4,2.9,1544,0
41.98,1.65,2.93,1541,0
41.34,1.3,3.62,1387,0
44.23,1.39,3.08,1621,0
42.7,1.64,2.78,1432,0
43.45,1.87,2.95,1425,0
38.72,1.56,3.17,1587,0
43.41,1.43,3.61,1583,0
46.98,1.19,3.05,1533,0
43.31,1.46,3.12,1589,0
41.01,0.88,2.41,1573,0
46.15,1.67,3.36,1332,0
43.27,1.79,2.88,1486,0
45.0,1.58,2.66,1534,0
40.74,1.22,3.06,1681,0
51.25,1.26,2.91,1480,0
39.37,1.2,2.89,1552,0
45.21,1.11,2.42,1591,0
47.48,0.75,2.5,1489,0
43.71,1.55,2.94,1570,0
38.91,1.19,2.64,1431,0
42.72,1.07,3.52,1497,0
44.24,1.05,2.77,1428,0
51.17,0.69,2.85,1437,0
42.99,1.63,3.42,1426,0
49.73,1.11,2.91,1621,0
40.12,1.61,3.59,1475,0
47.08,1.25,2.35,1511,0
41.01,0.79,3.39,1555,0
43.85,1.38,3.49,1342,0
49.88,1.32,2.79,1551,0
47.86,1.42,2.92,1415,0
48.86,1.43,2.94,1410,0
59.15,2.67,4.34,1403,1
41.24,1.35,3.05,1489,0
61.21,3.16,6.19,1198,1
44.82,1.65,3.1,1557,0
45.67,1.4,2.98,1554,0
40.78,1.36,3.48,1477,0
48.08,1.71,3.12,1452,0
37.03,1.29,3.21,1442,0
38.27,1.12,3.59,1472,0
52.33,1.29,3.69,1456,0
45.45,1.16,2.89,1476,0
45.33,1.7,3.08,1487,0
45.52,1.4,2.94,1455,0
40.5,1.44,3.25,1452,0
62.23,3.89,4.21,1320,1
85.55,2.77,5.01,1095,1
43.29,1.11,3.28,1506,0
49.78,1.28,2.89,1500,0
47.83,1.31,2.69,1595,0
61.28,2.51,4.56,1210,1
46.62,1.57,3.37,1468,0
41.01,2.07,3.57,1374,0
42.87,1.61,2.6,1484,0
50.51,1.6,2.62,1446,0
46.48,1.24,3.31,1596,0
47.76,1.24,2.93,1420,0
43.86,1.09,2.44,1617,0
45.46,1.56,3.28,1450,0
73.75,2.38,5.13,1172,1
43.69,1.51,2.94,1598,0
40.13,1.3,2.56,1460,0
39.84,1.73,3.13,1425,0
42.48,1.12,2.96,1524,0
52.25,1.02,3.1,1505,0
43.32,1.46,3.74,1539,0
62.41,3.8,3.07,1228,1
32.12,1.54,3.43,1510,0
45.63,1.14,3.44,1360,0
44.45,1.5,2.75,1619,0
43.42,1.07,3.27,1628,0
42.3,1.23,3.11,1489,0
62.59,2.69,4.03,1399,1
43.2,1.74,3.35,1625,0
41.96,1.43,2.74,1561,0
58.49,2.29,4.21,1293,1
63.81,2.05,4.29,1377,1
49.12,1.23,2.7,1537,0
69.1,3.98,3.78,1435,1
56.02,1.31,3.33,1519,0
60.71,3.37,4.57,1233,1
40.74,1.51,3.07,1404,0
43.65,1.42,3.26,1460,0
42.4,1.24,2.93,1592,0
43.98,1.67,3.4,1470,0
65.79,1.83,4.17,1252,1
39.55,1.4,3.16,1546,0
45.79,1.16,3.4,1469,0
47.76,1.49,3.34,1527,0
44.92,1.32,2.88,1544,0
49.72,1.65,3.23,1557,0
44.02,2.51,5.45,1123,1
46.83,1.47,3.12,1528,0
47.17,1.66,3.04,1572,0
44.87,1.15,3.26,1515,0
43.95,1.16,2.62,1583,0
43.06,1.76,2.91,1467,0
46.24,1.42,2.57,1425,0
46.59,1.25,2.93,1386,0
49.42,1.51,3.7,1523,0
50.2,1.63,2.28,1514,0
49.59,1.05,3.15,1546,0
49.78,1.12,3.1,1495,0
46.92,1.42,2.63,1405,0
49.24,1.4,2.98,1336,0
52.47,1.74,3.32,1653,0
45.89,1.21,3.09,1534,0
45.9,1.76,2.68,1555,0
45.41,1.63,3.43,1602,0
53.81,1.72,3.1,1435,0
46.89,1.23,3.0,1462,0
45.37,1.13,2.97,1403,0
42.38,1.04,3.32,1629,0
42.69,1.56,2.49,1371,0
43.75,1.28,3.39,1619,0
43.81,1.38,2.76,1346,0
44.57,1.84,3.12,1491,0
42.83,1.48,2.63,1409,0
75.42,2.7,5.03,893,1
45.43,1.78,3.18,1516,0
51.02,1.23,2.99,1383,0
39.4,1.54,2.96,1643,0
64.55,2.11,4.44,1575,1
39.64,1.69,2.74,1515,0
48.04,1.44,2.92,1539,0
49.25,1.17,3.02,1483,0
56.23,3.09,4.59,1167,1
65.64,2.55,4.95,1381,1
49.09,1.72,3.26,1603,0
48.66,1.49,3.1,1575,0
58.44,3.24,5.37,1341,1
45.29,1.54,3.98,1515,0
49.65,3.05,5.09,1624,1
38.03,1.28,3.13,1393,0
43.88,1.4,2.62,1598,0
51.69,1.19,2.69,1319,0
49.33,1.76,2.61,1514,0
37.0,0.91,3.71,1360,0
46.97,1.32,2.92,1568,0
42.93,1.44,3.02,1422,0
40.23,1.57,2.92,1459,0
54.3,1.61,3.35,1423,0
70.4,3.3,3.75,1184,1
51.57,1.26,3.44,1595,0
46.89,1.86,2.27,1507,0
45.06,1.48,3.45,1430,0
51.26,1.15,2.82,1496,0
43.55,1.24,2.81,1415,0
36.39,1.42,2.84,1314,0
37.93,1.71,3.28,1588,0
43.82,1.25,3.87,1612,0
42.4,1.06,3.19,1707,0
47.32,1.32,2.45,1397,0
45.81,1.12,3.27,1496,0
75.99,3.17,6.8,1240,1
61.03,4.72,5.16,1250,1
44.1,1.55,3.15,1581,0
67.7,3.39,4.34,1015,1
45.16,1.38,3.08,1442,0
46.92,1.12,3.18,1506,0
41.53,1.44,2.92,1661,0
40.52,1.18,2.76,1484,0
59.08,3.67,4.23,1472,1
60.52,3.15,4.46,1267,1
54.4,1.5,3.25,1561,0
43.75,1.42,3.24,1349,0
44.74,1.34,2.46,1593,0
41.48,1.16,3.04,1454,0
43.07,1.26,3.3,1593,0
51.12,0.8,2.79,1751,0
44.01,1.31,2.81,1475,0
36.49,1.77,2.67,1408,0
67.99,2.85,5.34,1085,1
45.26,1.04,3.5,1509,0
46.98,1.19,3.05,1429,0
40.76,1.13,3.4,1456,0
66.65,2.84,4.01,1184,1
67.12,3.77,3.71,1615,1
74.51,3.91,4.71,1401,1
51.68,1.5,2.82,1699,0
43.47,1.7,3.05,1470,0
44.89,1.48,3.31,1426,0
61.26,2.13,3.79,1288,1
43.79,1.42,3.25,1407,0
60.14,2.36,3.89,1607,1
47.43,1.34,2.75,1588,0
39.66,0.95,3.1,1458,0
41.33,1.58,3.14,1572,0
51.65,1.6,3.61,1481,0
43.92,1.3,3.38,1341,0
45.22,1.87,2.44,1548,0
50.78,1.26,3.62,1441,0
43.23,1.65,3.5,1491,0
41.46,1.34,2.58,1428,0
36.29,1.85,3.43,1477,0
41.37,1.59,2.97,1560,0
56.2,3.13,3.71,1215,1
47.73,1.18,2.56,1553,0
64.8,2.96,5.13,1019,1
41.91,1.65,2.65,1468,0
56.77,1.25,3.73,1440,0
78.7,3.76,4.09,1379,1
45.08,1.5,3.44,1417,0
34.3,1.74,2.83,1511,0
49.33,1.27,2.57,1597,0
36.7,1.31,2.94,1480,0
53.22,1.89,2.58,1548,0
43.5,1.13,3.02,1399,0
49.6,1.5,2.82,1415,0
47.26,1.15,2.59,1521,0
43.64,1.39,2.99,1411,0
43.46,1.45,3.39,1509,0
49.74,1.22,3.05,1507,0
44.67,1.43,3.26,1682,0
41.17,1.43,3.28,1614,0
48.5,1.5,3.17,1585,0
40.21,1.08,3.88,1395,0
65.45,2.4,4.73,1609,1
61.73,2.33,4.09,1411,1
42.04,1.61,3.48,1561,0
40.19,1.21,3.35,1488,0
45.6,1.44,3.23,1352,0
43.67,1.59,2.45,1326,0
46.23,1.79,2.62,1379,0
44.36,1.49,3.62,1495,0
71.33,2.44,4.23,1337,1
59.28,2.47,4.08,1181,1
43.12,1.62,2.89,1426,0
36.74,1.7,3.44,1482,0
80.37,2.76,4.73,1344,1
42.64,1.13,2.19,1353,0
44.37,1.02,2.85,1533,0
65.78,3.32,4.54,1255,1
64.33,2.11,3.64,1098,1
37.51,1.04,2.88,1559,0
43.82,1.47,3.31,1458,0
47.74,1.2,3.05,1753,0
48.04,1.72,3.47,1642,0
41.1,1.35,3.24,1439,0
45.58,1.4,3.69,1449,0
44.08,1.31,3.32,1449,0
41.36,1.42,2.94,1518,0
45.98,1.19,3.0,1580,0
46.6,1.49,3.67,1567,0
38.78,1.52,3.07,1453,0
39.98,1.26,2.81,1504,0
43.78,1.58,2.94,1540,0
47.55,1.57,2.96,1577,0
41.92,1.66,3.18,1469,0
42.72,1.14,3.01,1404,0
40.66,1.41,3.4,1568,0
46.74,1.17,3.65,1584,0
67.05,3.44,4.67,1532,1
42.03,1.54,3.38,1553,0
42.84,1.5,3.04,1519,0
48.27,1.55,2.99,1523,0
50.4,1.2,2.48,1572,0
38.86,1.14,3.74,1440,0
46.47,1.25,2.76,1543,0
44.98,1.7,3.23,1358,0
50.81,1.06,3.09,1595,0
43.49,1.6,2.6,1585,0
46.42,1.23,2.63,1676,0
73.06,2.35,4.77,1041,1
77.82,2.9,4.5,937,1
45.46,1.42,2.93,1430,0
42.98,1.43,3.18,1435,0
54.63,3.3,3.66,941,1
39.22,1.47,2.85,1470,0
69.32,3.27,3.5,1518,1
52.23,1.34,2.72,1434,0
36.17,1.54,3.2,1502,0
50.43,1.9,3.18,1466,0
45.63,1.38,2.59,1460,0
45.05,1.29,3.02,1511,0
39.82,1.18,3.04,1596,0
41.62,1.22,2.55,1502,0
40.78,1.18,3.36,1728,0
60.27,2.13,4.78,1082,1
38.95,1.82,3.48,1417,0
49.09,1.78,2.97,1415,0
51.22,1.3,3.57,1591,0
46.37,1.46,3.21,1388,0
41.55,1.69,3.12,1641,0
44.75,1.27,2.77,1514,0
45.44,1.52,3.03,1469,0
45.8,1.02,2.68,1520,0
42.78,1.21,3.08,1418,0
49.51,1.04,3.33,1474,0
60.9,3.01,4.93,1063,1
41.73,1.48,3.03,1460,0
81.78,2.67,4.23,1287,1
44.36,1.25,2.67,1501,0
36.92,1.82,3.12,1509,0
58.73,4.23,3.81,1191,1
63.01,3.25,4.72,1304,1
37.32,1.21,2.84,1539,0
46.15,1.68,3.24,1447,0
50.13,1.24,3.56,1350,0
42.84,1.24,2.91,1591,0
41.3,1.6,3.57,1472,0
50.57,1.18,3.57,1532,0
49.6,1.54,2.98,1561,0
44.96,1.32,3.53,1461,0
47.81,1.48,3.04,1591,0
47.77,1.5,3.27,1525,0
54.46,1.78,2.63,1678,0
45.2,1.59,2.81,1636,0
41.33,1.61,2.87,1464,0
65.36,3.67,5.06,1208,1
34.88,1.82,3.49,1529,0
48.87,1.47,2.99,1547,0
46.29,1.67,3.34,1442,0
43.27,1.4,2.93,1561,0
44.77,1.33,2.82,1424,0
42.15,1.49,3.1,1441,0
60.87,3.67,4.55,1106,1
47.83,1.21,3.29,1501,0
46.35,1.44,3.02,1565,0
47.29,1.58,3.26,1403,0
49.92,1.41,3.44,1588,0
41.91,1.48,2.65,1489,0
40.43,1.07,3.04,1540,0
43.32,1.69,2.62,1519,0
49.81,1.63,3.21,1589,0
42.78,1.65,3.03,1331,0
44.04,1.46,2.97,1523,0
43.6,1.8,2.96,1539,0
50.19,1.25,2.67,1346,0
55.6,3.15,5.02,1501,1
46.99,1.19,2.97,1407,0
74.22,2.05,4.99,1214,1
41.03,1.56,2.75,1556,0
53.88,1.26,2.66,1551,0
39.02,1.54,2.65,1360,0
70.4,3.94,3.83,1473,1
76.0,1.49,5.54,1009,1
69.58,3.3,4.33,1276,1
37.59,1.9,3.11,1401,0
39.62,1.3,3.71,1388,0
79.44,3.12,4.74,981,1
44.06,1.1,2.76,1469,0
58.29,2.88,4.9,1523,1
38.38,1.11,2.71,1375,0
40.37,1.33,2.66,1495,0
49.92,1.31,2.66,1517,0
43.59,1.09,2.82,1437,0
44.37,1.31,3.0,1506,0
42.69,1.4,2.98,1632,0
46.53,1.49,2.33,1488,0
40.49,1.59,3.14,1378,0
73.04,3.32,4.14,978,1
42.93,1.33,2.59,1455,0
42.91,1.12,2.91,1568,0
43.96,1.47,3.15,1493,0
44.1,1.62,2.83,1404,0
44.06,1.72,3.12,1426,0
42.16,0.98,2.95,1304,0
38.01,1.23,3.34,1470,0
44.44,1.67,2.75,1425,0
42.24,1.42,3.0,1450,0
43.54,1.26,2.51,1448,0
49.81,1.72,2.02,1549,0
43.0,1.61,3.2,1408,0
48.98,1.65,3.15,1586,0
46.74,1.33,2.9,1475,0
51.38,1.27,3.03,1518,0
48.32,1.36,2.48,1542,0
42.79,1.13,3.05,1543,0
46.55,1.67,2.6,1541,0
49.76,0.9,2.68,1565,0
40.6,1.9,2.97,1470,0
66.33,3.04,4.82,1203,1
48.07,1.14,2.19,1410,0
41.23,1.96,3.4,1453,0
64.75,3.24,3.08,1361,1
51.71,1.26,2.85,1406,0
55.16,2.35,4.79,1155,1
52.27,1.93,2.67,1531,0
40.53,1.06,2.82,1530,0
46.12,1.69,3.34,1486,0
51.56,1.52,3.39,1385,0
49.82,1.23,2.81,1536,0
44.61,1.75,2.9,1492,0
44.79,1.33,3.38,1727,0
73.69,2.71,4.69,1146,1
37.47,1.73,2.86,1380,0
41.81,1.43,3.2,1468,0
43.46,1.82,3.33,1524,0
44.68,1.26,3.57,1589,0
44.05,0.97,2.96,1414,0
46.64,1.44,2.92,1530,0
46.12,1.52,3.49,1388,0
41.36,1.78,2.85,1511,0
38.87,0.68,2.55,1345,0
67.52,2.61,5.96,1186,1
47.24,1.1,2.78,1510,0
44.0,1.74,3.01,1423,0
46.17,1.63,3.42,1476,0
46.71,1.15,2.81,1482,0
43.12,1.38,3.06,1528,0
43.14,0.93,2.8,1443,0
44.68,1.4,3.18,1502,0
40.8,1.81,3.03,1602,0
44.14,1.81,2.53,1477,0
41.48,1.27,3.09,1488,0
43.52,1.21,2.99,1520,0
41.6,1.42,3.01,1388,0
43.59,0.97,3.59,1506,0
43.84,1.4,2.79,1640,0
39.47,1.36,2.99,1428,0
36.39,1.43,2.83,1510,0
65.52,3.09,3.67,1289,1
52.89,1.19,2.71,1319,0
42.64,1.57,2.78,1584,0
69.4,3.77,4.41,1239,1
40.47,1.65,3.18,1358,0
45.42,1.46,2.76,1336,0
48.14,1.32,3.02,1547,0
43.21,1.55,3.17,1581,0
55.5,2.5,4.41,1395,1
45.34,1.2,3.48,1384,0
44.26,1.1,3.34,1440,0
61.9,2.68,3.65,1299,1
41.9,1.04,2.64,1640,0
42.76,1.28,3.06,1500,0
42.57,1.45,2.56,1401,0
57.1,3.22,4.76,1196,1
48.09,1.37,3.31,1524,0
47.78,1.05,2.84,1354,0
46.39,1.58,2.49,1629,0
46.89,1.7,2.52,1598,0
62.86,2.46,6.03,1328,1
49.84,1.35,2.62,1523,0
58.32,2.88,6.01,1066,1
41.5,1.4,2.92,1431,0
44.1,1.34,2.98,1665,0
51.17,2.0,2.79,1480,0
68.39,2.12,5.32,1319,1
46.31,1.7,3.23,1432,0
44.25,1.18,3.14,1441,0
67.52,3.03,5.27,792,1
42.77,1.73,3.48,1532,0
44.5,1.21,2.75,1551,0
49.36,1.28,3.38,1545,0
42.62,1.58,3.29,1421,0
49.03,1.54,2.68,1577,0
71.91,3.29,5.27,1382,1
47.29,1.35,3.86,1498,0
39.62,1.34,2.78,1503,0
46.8,0.99,2.88,1469,0
48.53,1.03,2.66,1478,0
44.55,1.3,2.79,1483,0
56.8,1.97,3.25,992,1
60.33,2.23,4.42,1216,1
52.87,3.94,4.4,1339,1
48.83,1.35,2.93,1464,0
41.78,1.63,3.4,1368,0
41.66,1.17,2.93,1452,0
41.55,1.38,3.0,1551,0
61.58,4.15,5.77,1484,1
42.81,1.62,2.76,1545,0
50.3,1.22,2.95,1591,0
68.71,2.56,6.24,1095,1
43.17,1.04,2.95,1398,0
37.82,1.39,3.26,1390,0
47.45,1.51,3.27,1459,0
51.97,3.09,4.03,1620,1
46.37,1.11,3.69,1362,0
49.92,1.55,2.8,1537,0
42.75,1.48,2.34,1452,0
36.66,1.46,3.23,1471,0
42.57,1.08,2.51,1424,0
52.22,1.47,3.34,1619,0
45.02,1.51,2.57,1501,0
68.32,4.13,4.08,1418,1
45.01,1.33,2.93,1431,0
70.02,3.26,3.1,1202,1
47.28,1.4,2.82,1495,0
59.97,3.43,4.47,1396,1
48.81,1.31,2.76,1328,0
49.75,1.48,3.44,1527,0
43.09,1.29,3.0,1585,0
47.71,1.51,2.23,1528,0
40.22,1.11,2.6,1576,0
51.57,1.33,3.35,1425,0
46.45,1.06,3.78,1546,0
41.22,1.62,2.89,1560,0
42.48,1.43,3.12,1452,0
41.58,1.14,3.23,1564,0
46.8,1.35,3.68,1515,0
46.64,1.32,2.95,1455,0
44.64,1.33,3.39,1568,0
45.62,1.51,2.87,1630,0
66.88,2.95,4.74,1262,1
56.01,2.84,4.01,1400,1
51.92,2.71,2.68,1415,1
32.03,1.35,2.88,1551,0
46.12,1.07,2.81,1538,0
44.36,1.51,3.12,1463,0
49.36,1.24,3.63,1495,0
71.2,2.6,3.95,1501,1
73.29,2.82,5.09,1435,1
42.17,1.98,2.88,1563,0
41.84,1.21,3.31,1371,0
41.97,1.37,2.58,1341,0
47.08,1.54,3.01,1478,0
48.41,1.37,3.07,1550,0
45.89,1.51,2.46,1414,0
50.05,1.59,3.08,1604,0
62.73,2.98,4.07,1442,1
45.37,1.09,3.47,1620,0
48.2,1.74,3.12,1507,0
46.43,1.49,2.17,1392,0
72.85,2.98,4.33,1486,1
47.9,1.31,3.39,1651,0
58.83,3.2,3.82,1240,1
38.68,1.53,3.1,1610,0
41.49,1.57,3.12,1468,0
42.46,1.46,3.07,1384,0
44.42,1.43,3.37,1629,0
47.19,1.4,3.29,1576,0
49.64,1.56,3.09,1299,0
76.06,2.54,5.18,1439,1
78.35,3.0,3.97,1339,1
47.8,1.47,3.09,1448,0
40.08,1.22,2.6,1512,0
37.26,1.34,2.28,1624,0
45.61,1.92,2.81,1433,0
40.92,1.37,3.16,1622,0
43.18,1.86,3.0,1531,0
66.33,3.51,4.14,915,1
43.45,1.52,3.21,1498,0
47.34,1.38,3.03,1565,0
60.19,3.23,4.23,1125,1
46.3,1.41,2.98,1549,0
49.33,1.26,2.72,1394,0
49.88,1.65,2.76,1521,0
36.23,1.24,3.27,1509,0
55.0,1.63,2.38,1480,0
34.97,1.51,3.47,1456,0
52.6,1.65,2.57,1650,0
43.34,1.25,3.18,1568,0
46.7,1.01,3.11,1525,0
45.08,1.74,3.28,1509,0
56.75,3.02,5.09,1235,1
37.81,1.46,3.45,1553,0
69.2,3.47,3.78,1294,1
50.68,1.36,3.15,1541,0
45.14,1.24,2.57,1527,0
48.7,1.37,3.37,1597,0
42.71,1.24,2.75,1467,0
41.18,1.38,3.19,1470,0
41.9,1.47,2.21,1392,0
48.42,1.63,2.92,1343,0
50.33,1.52,2.72,1585,0
54.97,1.48,3.52,1476,0
45.41,1.48,3.37,1604,0
48.68,1.24,2.72,1551,0
40.78,1.5,2.82,1494,0
48.29,1.42,3.13,1449,0
49.4,1.15,3.3,1334,0
53.02,1.1,3.17,1420,0
42.17,1.33,3.11,1392,0
44.35,1.52,2.6,1372,0
42.83,1.82,3.36,1400,0
50.72,1.47,2.41,1453,0
35.01,1.55,2.54,1598,0
50.17,1.56,2.63,1376,0
37.17,1.36,3.0,1389,0
64.74,3.17,5.69,1141,1
49.06,1.37,3.48,1593,0
67.5,3.67,3.63,1283,1
42.73,1.57,3.1,1503,0
48.49,1.7,2.65,1599,0
45.11,1.61,2.8,1507,0
39.77,1.61,2.8,1396,0
41.98,1.01,2.7,1621,0
68.34,2.83,5.52,1121,1
42.57,1.46,3.2,1478,0
43.23,1.61,2.55,1558,0
72.03,3.05,3.3,805,1
48.06,1.24,2.97,1394,0
44.46,1.38,2.62,1398,0
59.61,4.47,4.49,1199,1
41.43,1.3,3.35,1680,0
45.44,1.36,2.82,1441,0
46.54,1.29,3.19,1402,0
43.52,1.69,2.71,1497,0
47.09,1.66,3.44,1594,0
38.33,1.31,2.5,1472,0
48.99,1.47,2.67,1557,0
40.02,1.54,2.85,1549,0
44.31,1.59,2.65,1550,0
42.06,1.48,3.01,1363,0
48.81,1.28,3.0,1563,0
48.86,1.37,3.03,1457,0
51.69,1.84,3.21,1640,0
71.55,3.13,4.94,1268,1
37.5,1.36,2.92,1520,0
47.38,1.34,3.35,1604,0
52.18,0.99,2.64,1511,0
33.6,1.88,2.77,1570,0
45.9,1.03,3.43,1531,0
49.9,1.71,3.6,1648,0
50.75,1.55,3.06,1490,0
47.49,1.48,2.86,1393,0
38.67,1.36,3.0,1398,0
47.06,1.55,3.49,1547,0
48.52,1.4,3.03,1405,0
43.28,1.21,2.9,1401,0
73.97,3.67,4.57,1444,1
36.56,1.31,2.51,1464,0
39.41,1.87,2.76,1550,0
46.26,1.62,2.9,1557,0
47.45,1.47,2.89,1497,0
42.54,1.55,3.41,1496,0
64.71,2.58,4.38,1265,1
47.84,1.31,3.24,1519,0
65.6,3.04,4.93,1148,1
51.14,3.62,4.82,1633,1
51.74,1.48,2.68,1507,0
67.53,2.49,3.86,1034,1
47.73,1.15,2.89,1479,0
47.26,1.82,2.79,1436,0
42.08,1.57,2.77,1545,0
71.48,3.63,4.78,1332,1
40.16,1.58,2.35,1448,0
47.32,1.35,3.03,1477,0
44.76,1.48,3.06,1500,0
41.97,1.11,2.9,1546,0
39.4,1.38,2.81,1336,0
46.97,1.37,3.14,1504,0
48.25,1.51,2.78,1504,0
46.56,0.94,3.17,1506,0
38.49,1.52,2.91,1508,0
56.53,1.4,4.69,1164,1
50.73,1.13,3.36,1599,0
49.96,1.34,2.87,1611,0
42.01,1.12,2.44,1573,0
48.43,1.28,3.05,1549,0
51.13,2.11,4.92,1152,1
48.25,1.18,3.38,1539,0
46.56,1.62,2.78,1415,0
39.12,1.32,3.25,1389,0
39.92,2.08,2.87,1414,0
66.07,3.29,5.25,1459,1
56.97,3.93,4.31,1297,1
39.57,1.34,2.87,1561,0
44.43,1.05,3.0,1533,0
51.44,1.4,2.74,1390,0
62.93,2.88,3.83,1414,1
44.93,1.54,3.48,1471,0
67.34,4.03,5.2,1464,1
43.9,1.0,2.81,1673,0
46.03,1.34,3.17,1597,0
40.22,1.56,3.35,1450,0
47.11,1.12,3.02,1560,0
47.9,1.53,2.99,1528,0
42.39,0.97,2.6,1445,0
58.03,2.86,4.79,1338,1
46.58,1.51,3.19,1616,0
43.88,1.43,3.05,1452,0
45.51,1.24,3.72,1395,0
48.15,1.62,2.98,1454,0
45.08,1.62,2.92,1532,0
43.18,1.65,3.03,1453,0
56.36,2.33,3.58,1153,1
47.32,1.35,3.1,1512,0
39.51,1.27,2.33,1389,0
42.71,1.8,3.02,1424,0
51.53,1.42,2.85,1504,0
46.06,1.14,2.81,1508,0
35.44,1.51,3.1,1493,0
47.77,1.01,3.7,1480,0
33.37,1.09,2.81,1457,0
59.63,3.52,3.29,1244,1
38.72,1.06,3.01,1420,0
61.49,2.88,4.11,1079,1
39.37,1.08,2.83,1499,0
45.54,1.54,2.87,1524,0
48.88,1.58,2.8,1468,0
68.51,4.35,3.88,1117,1
43.34,1.07,3.13,1540,0
44.19,1.75,3.05,1505,0
43.14,1.06,3.04,1552,0
63.07,3.58,5.37,1210,1
62.31,2.68,3.48,886,1
45.6,1.15,2.79,1506,0
64.83,2.72,4.3,1293,1
47.77,1.31,3.25,1510,0
47.56,1.51,2.46,1547,0
43.04,1.44,3.13,1442,0
41.38,0.92,3.07,1461,0
45.47,1.79,3.37,1592,0
43.82,1.64,2.89,1689,0
45.98,1.52,2.74,1588,0
39.66,1.35,3.51,1499,0
52.95,1.15,2.64,1476,0
38.94,1.64,3.26,1462,0
63.3,1.85,5.13,1405,1
40.4,1.16,3.15,1537,0
44.96,1.45,2.68,1559,0
43.69,1.87,3.55,1471,0
46.31,1.37,3.88,1567,0
74.28,4.12,4.01,1309,1
64.38,3.5,3.73,919,1
45.47,1.76,2.84,1488,0
42.74,1.36,1.98,1439,0
43.8,1.03,2.98,1377,0
41.04,1.36,3.63,1521,0
40.45,1.43,2.95,1397,0
46.4,1.79,2.78,1459,0
49.93,1.63,2.9,1494,0
44.3,1.39,2.71,1462,0
47.81,1.36,3.43,1674,0
52.25,1.59,3.3,1457,0
49.75,1.65,3.23,1487,0
58.73,1.96,3.87,1184,1
39.61,0.94,2.98,1595,0
46.4,1.22,3.29,1511,0
47.46,1.55,3.01,1476,0
45.56,1.31,2.95,1456,0
42.7,1.66,3.27,1615,0
44.83,1.21,3.01,1488,0
42.2,1.49,3.38,1507,0
45.81,1.47,3.32,1415,0
38.13,1.35,2.88,1425,0
